anomaly_id,order_id,medication_id,anomaly_type,expected_quantity,received_quantity,expected_unit_price,paid_unit_price,notes,simulation_timestamp
1,54,55,"Over-delivery, Underpayment",50000,55000,10.0,9.0,Auto-detected supply anomaly,2025-04-24 11:51:50.610827
2,135,85,"Under-delivery, Underpayment",50000,45000,5.0,4.5,Auto-detected supply anomaly,2025-04-24 11:51:50.765550
3,150,100,"Over-delivery, Underpayment",50000,55000,10.0,9.0,Auto-detected supply anomaly,2025-04-24 11:51:50.793924
4,163,113,"Over-delivery, Overpayment",50000,55000,10.0,11.0,Auto-detected supply anomaly,2025-04-24 11:51:50.818104
5,215,83,"Under-delivery, Overpayment",50000,45000,0.5,0.55,Auto-detected supply anomaly,2025-04-24 11:51:50.914977
6,277,24,"Under-delivery, Underpayment",50000,45000,10.0,9.0,Auto-detected supply anomaly,2025-04-24 11:51:51.030925
7,363,110,"Under-delivery, Underpayment",50000,45000,10.0,9.0,Auto-detected supply anomaly,2025-04-24 11:51:51.194128
8,373,120,"Over-delivery, Overpayment",50000,55000,10.0,11.0,Auto-detected supply anomaly,2025-04-24 11:51:51.212904
9,414,40,"Under-delivery, Underpayment",50000,45000,50.0,45.0,Auto-detected supply anomaly,2025-04-24 11:51:51.289203
10,420,46,"Under-delivery, Underpayment",50000,45000,0.2,0.18,Auto-detected supply anomaly,2025-04-24 11:51:51.300508
11,436,62,"Under-delivery, Underpayment",50000,45000,10.0,9.0,Auto-detected supply anomaly,2025-04-24 11:51:51.330348
12,470,96,"Under-delivery, Overpayment",50000,45000,0.5,0.55,Auto-detected supply anomaly,2025-04-24 11:51:51.393515
13,472,98,"Under-delivery, Overpayment",50000,45000,0.2,0.22,Auto-detected supply anomaly,2025-04-24 11:51:51.397406
14,502,7,"Over-delivery, Overpayment",50000,55000,2.0,2.2,Auto-detected supply anomaly,2025-04-24 11:51:51.456586
15,505,10,"Over-delivery, Overpayment",50000,55000,0.3,0.33,Auto-detected supply anomaly,2025-04-24 11:51:51.462309
16,514,19,"Under-delivery, Overpayment",50000,45000,0.5,0.55,Auto-detected supply anomaly,2025-04-24 11:51:51.479008
17,565,70,"Over-delivery, Overpayment",50000,55000,0.25,0.275,Auto-detected supply anomaly,2025-04-24 11:51:51.574420
18,572,77,"Over-delivery, Overpayment",50000,55000,1.0,1.1,Auto-detected supply anomaly,2025-04-24 11:51:51.587644
19,596,101,"Under-delivery, Underpayment",50000,45000,2.0,1.8,Auto-detected supply anomaly,2025-04-24 11:51:51.632856
20,621,5,"Under-delivery, Overpayment",50000,45000,1.0,1.1,Auto-detected supply anomaly,2025-04-24 11:51:51.680028
21,635,19,"Under-delivery, Overpayment",50000,45000,0.5,0.55,Auto-detected supply anomaly,2025-04-24 11:51:51.706031
22,647,31,"Over-delivery, Overpayment",50000,55000,10.0,11.0,Auto-detected supply anomaly,2025-04-24 11:51:51.728348
23,669,53,"Under-delivery, Underpayment",50000,45000,2.0,1.8,Auto-detected supply anomaly,2025-04-24 11:51:51.769155
24,692,76,"Under-delivery, Underpayment",50000,45000,1.0,0.9,Auto-detected supply anomaly,2025-04-24 11:51:51.811966
25,694,78,"Over-delivery, Underpayment",50000,55000,10.0,9.0,Auto-detected supply anomaly,2025-04-24 11:51:51.815826
26,698,82,"Under-delivery, Underpayment",50000,45000,0.14,0.126,Auto-detected supply anomaly,2025-04-24 11:51:51.823429
27,720,104,"Over-delivery, Underpayment",50000,55000,10.0,9.0,Auto-detected supply anomaly,2025-04-24 11:51:51.864635
28,734,118,"Over-delivery, Overpayment",50000,55000,0.1,0.11,Auto-detected supply anomaly,2025-04-24 11:51:51.892328
29,736,120,"Over-delivery, Overpayment",50000,55000,10.0,11.0,Auto-detected supply anomaly,2025-04-24 11:51:51.896441
30,754,17,"Under-delivery, Underpayment",50000,45000,10.0,9.0,Auto-detected supply anomaly,2025-04-24 11:51:51.931909
31,778,41,"Under-delivery, Underpayment",50000,45000,10.0,9.0,Auto-detected supply anomaly,2025-04-24 11:51:51.979417
32,796,59,"Over-delivery, Underpayment",50000,55000,10.0,9.0,Auto-detected supply anomaly,2025-04-24 11:51:52.015703
33,799,62,"Under-delivery, Underpayment",50000,45000,10.0,9.0,Auto-detected supply anomaly,2025-04-24 11:51:52.021980
34,816,79,"Over-delivery, Underpayment",50000,55000,10.0,9.0,Auto-detected supply anomaly,2025-04-24 11:51:52.056399
35,823,86,"Over-delivery, Underpayment",50000,55000,0.5,0.45,Auto-detected supply anomaly,2025-04-24 11:51:52.070594
36,860,2,"Under-delivery, Underpayment",50000,45000,0.1,0.09,Auto-detected supply anomaly,2025-04-24 11:51:52.148637
37,876,18,"Over-delivery, Overpayment",50000,55000,100.0,110.0,Auto-detected supply anomaly,2025-04-24 11:51:52.182617
38,916,58,"Over-delivery, Overpayment",50000,55000,10.0,11.0,Auto-detected supply anomaly,2025-04-24 11:51:52.267556
39,934,76,"Under-delivery, Overpayment",50000,45000,1.0,1.1,Auto-detected supply anomaly,2025-04-24 11:51:52.305783
40,935,77,"Under-delivery, Overpayment",50000,45000,1.0,1.1,Auto-detected supply anomaly,2025-04-24 11:51:52.308102
41,962,104,"Under-delivery, Overpayment",50000,45000,10.0,11.0,Auto-detected supply anomaly,2025-04-24 11:51:52.370952
42,973,115,"Over-delivery, Overpayment",50000,55000,10.0,11.0,Auto-detected supply anomaly,2025-04-24 11:51:52.396657
43,976,118,"Under-delivery, Underpayment",50000,45000,0.1,0.09,Auto-detected supply anomaly,2025-04-24 11:51:52.404809
44,982,3,"Under-delivery, Underpayment",50000,45000,0.25,0.225,Auto-detected supply anomaly,2025-04-24 11:51:52.419026
45,989,10,"Over-delivery, Underpayment",50000,55000,0.3,0.27,Auto-detected supply anomaly,2025-04-24 11:51:52.435145
46,1022,43,"Under-delivery, Underpayment",50000,45000,0.2,0.18,Auto-detected supply anomaly,2025-04-24 11:51:52.512084
47,1051,72,"Under-delivery, Overpayment",50000,45000,0.3,0.33,Auto-detected supply anomaly,2025-04-24 11:51:52.578447
48,1096,117,"Over-delivery, Overpayment",50000,55000,50.0,55.0,Auto-detected supply anomaly,2025-04-24 11:51:52.688151
49,1125,25,"Over-delivery, Underpayment",50000,55000,0.5,0.45,Auto-detected supply anomaly,2025-04-24 11:51:52.757216
50,1161,61,"Over-delivery, Overpayment",50000,55000,10.0,11.0,Auto-detected supply anomaly,2025-04-24 11:51:52.851036
51,1212,112,"Over-delivery, Overpayment",50000,55000,0.6,0.66,Auto-detected supply anomaly,2025-04-24 11:51:52.982922
52,1215,115,"Over-delivery, Underpayment",50000,55000,10.0,9.0,Auto-detected supply anomaly,2025-04-24 11:51:52.990929
53,1239,18,"Under-delivery, Underpayment",50000,45000,100.0,90.0,Auto-detected supply anomaly,2025-04-24 11:51:53.055795
54,1254,33,"Over-delivery, Underpayment",50000,55000,150.0,135.0,Auto-detected supply anomaly,2025-04-24 11:51:53.097312
55,1269,48,"Over-delivery, Underpayment",50000,55000,1.0,0.9,Auto-detected supply anomaly,2025-04-24 11:51:53.140101
56,1274,53,"Under-delivery, Underpayment",50000,45000,2.0,1.8,Auto-detected supply anomaly,2025-04-24 11:51:53.154897
57,1292,71,"Under-delivery, Overpayment",50000,45000,10.0,11.0,Auto-detected supply anomaly,2025-04-24 11:51:53.209902
58,1315,94,"Under-delivery, Underpayment",50000,45000,1.0,0.9,Auto-detected supply anomaly,2025-04-24 11:51:53.281701
59,1354,12,"Over-delivery, Overpayment",50000,55000,2.0,2.2,Auto-detected supply anomaly,2025-04-24 11:51:53.408391
60,1383,41,"Over-delivery, Underpayment",50000,55000,10.0,9.0,Auto-detected supply anomaly,2025-04-24 11:51:53.519341
61,1392,50,"Under-delivery, Overpayment",50000,45000,0.5,0.55,Auto-detected supply anomaly,2025-04-24 11:51:53.557668
62,1403,61,"Under-delivery, Overpayment",50000,45000,10.0,11.0,Auto-detected supply anomaly,2025-04-24 11:51:53.605881
63,1423,81,"Over-delivery, Underpayment",50000,55000,10.0,9.0,Auto-detected supply anomaly,2025-04-24 11:51:53.699122
64,1463,121,"Over-delivery, Overpayment",50000,55000,0.5,0.55,Auto-detected supply anomaly,2025-04-24 11:51:53.882624
65,1485,22,"Over-delivery, Underpayment",50000,55000,200.0,180.0,Auto-detected supply anomaly,2025-04-24 11:51:53.936317
66,1507,44,"Over-delivery, Underpayment",50000,55000,10.0,9.0,Auto-detected supply anomaly,2025-04-24 11:51:53.989504
67,1514,51,"Under-delivery, Underpayment",50000,45000,10.0,9.0,Auto-detected supply anomaly,2025-04-24 11:51:54.006084
68,1529,66,"Under-delivery, Overpayment",50000,45000,0.15,0.165,Auto-detected supply anomaly,2025-04-24 11:51:54.042975
69,1546,83,"Over-delivery, Overpayment",50000,55000,0.5,0.55,Auto-detected supply anomaly,2025-04-24 11:51:54.083537
70,1572,109,"Over-delivery, Overpayment",50000,55000,0.5,0.55,Auto-detected supply anomaly,2025-04-24 11:51:54.145232
71,1590,6,"Over-delivery, Overpayment",50000,55000,0.5,0.55,Auto-detected supply anomaly,2025-04-24 11:51:54.186998
72,1623,39,"Over-delivery, Underpayment",50000,55000,100.0,90.0,Auto-detected supply anomaly,2025-04-24 11:51:54.292109
73,1626,42,"Over-delivery, Overpayment",50000,55000,1.0,1.1,Auto-detected supply anomaly,2025-04-24 11:51:54.304764
74,1675,91,"Over-delivery, Underpayment",50000,55000,100.0,90.0,Auto-detected supply anomaly,2025-04-24 11:51:54.446275
75,1707,2,"Under-delivery, Overpayment",50000,45000,0.1,0.11,Auto-detected supply anomaly,2025-04-24 11:51:54.522372
76,1729,24,"Under-delivery, Underpayment",50000,45000,10.0,9.0,Auto-detected supply anomaly,2025-04-24 11:51:54.576196
77,1732,27,"Under-delivery, Overpayment",50000,45000,10.0,11.0,Auto-detected supply anomaly,2025-04-24 11:51:54.583713
78,1794,89,"Over-delivery, Underpayment",50000,55000,10.0,9.0,Auto-detected supply anomaly,2025-04-24 11:51:54.727208
79,1798,93,"Under-delivery, Overpayment",50000,45000,0.3,0.33,Auto-detected supply anomaly,2025-04-24 11:51:54.736680
80,1802,97,"Over-delivery, Overpayment",50000,55000,10.0,11.0,Auto-detected supply anomaly,2025-04-24 11:51:54.745979
81,1807,102,"Over-delivery, Underpayment",50000,55000,10.0,9.0,Auto-detected supply anomaly,2025-04-24 11:51:54.757650
82,1809,104,"Over-delivery, Underpayment",50000,55000,10.0,9.0,Auto-detected supply anomaly,2025-04-24 11:51:54.762107
83,1815,110,"Under-delivery, Underpayment",50000,45000,10.0,9.0,Auto-detected supply anomaly,2025-04-24 11:51:54.776205
84,1818,113,"Over-delivery, Overpayment",50000,55000,10.0,11.0,Auto-detected supply anomaly,2025-04-24 11:51:54.783540
85,1836,10,"Over-delivery, Underpayment",50000,55000,0.3,0.27,Auto-detected supply anomaly,2025-04-24 11:51:54.825124
86,1867,41,"Under-delivery, Overpayment",50000,45000,10.0,11.0,Auto-detected supply anomaly,2025-04-24 11:51:54.894710
87,1874,48,"Over-delivery, Overpayment",50000,55000,1.0,1.1,Auto-detected supply anomaly,2025-04-24 11:51:54.911620
88,1897,71,"Over-delivery, Underpayment",50000,55000,10.0,9.0,Auto-detected supply anomaly,2025-04-24 11:51:54.963614
89,1917,91,"Over-delivery, Overpayment",50000,55000,100.0,110.0,Auto-detected supply anomaly,2025-04-24 11:51:55.010297
90,1965,18,"Over-delivery, Underpayment",50000,55000,100.0,90.0,Auto-detected supply anomaly,2025-04-24 11:51:55.122513
91,1968,21,"Over-delivery, Underpayment",50000,55000,0.15,0.135,Auto-detected supply anomaly,2025-04-24 11:51:55.130001
92,1997,50,"Over-delivery, Overpayment",50000,55000,0.5,0.55,Auto-detected supply anomaly,2025-04-24 11:51:55.197301
93,1998,51,"Under-delivery, Underpayment",50000,45000,10.0,9.0,Auto-detected supply anomaly,2025-04-24 11:51:55.199873
94,2011,64,"Over-delivery, Overpayment",50000,55000,10.0,11.0,Auto-detected supply anomaly,2025-04-24 11:51:55.230251
95,2046,99,"Under-delivery, Underpayment",50000,45000,10.0,9.0,Auto-detected supply anomaly,2025-04-24 11:51:55.310980
96,2053,106,"Under-delivery, Underpayment",50000,45000,0.5,0.45,Auto-detected supply anomaly,2025-04-24 11:51:55.327125
97,2088,20,"Over-delivery, Underpayment",50000,55000,2.0,1.8,Auto-detected supply anomaly,2025-04-24 11:51:55.409365
98,2129,61,"Over-delivery, Overpayment",50000,55000,10.0,11.0,Auto-detected supply anomaly,2025-04-24 11:51:55.505064
99,2139,71,"Over-delivery, Underpayment",50000,55000,10.0,9.0,Auto-detected supply anomaly,2025-04-24 11:51:55.529034
100,2157,89,"Under-delivery, Underpayment",50000,45000,10.0,9.0,Auto-detected supply anomaly,2025-04-24 11:51:55.571548
101,2242,53,"Over-delivery, Overpayment",50000,55000,2.0,2.2,Auto-detected supply anomaly,2025-04-24 11:51:55.770922
102,2261,72,"Over-delivery, Overpayment",50000,55000,0.3,0.33,Auto-detected supply anomaly,2025-04-24 11:51:55.815784
103,2264,75,"Under-delivery, Overpayment",50000,45000,0.14,0.154,Auto-detected supply anomaly,2025-04-24 11:51:55.823824
104,2324,14,"Under-delivery, Underpayment",50000,45000,1.0,0.9,Auto-detected supply anomaly,2025-04-24 11:51:55.965706
105,2365,55,"Over-delivery, Underpayment",50000,55000,10.0,9.0,Auto-detected supply anomaly,2025-04-24 11:51:56.061685
106,2374,64,"Under-delivery, Underpayment",50000,45000,10.0,9.0,Auto-detected supply anomaly,2025-04-24 11:51:56.082659
107,2396,86,"Over-delivery, Overpayment",50000,55000,0.5,0.55,Auto-detected supply anomaly,2025-04-24 11:51:56.134401
108,2400,90,"Under-delivery, Underpayment",50000,45000,1.0,0.9,Auto-detected supply anomaly,2025-04-24 11:51:56.144472
109,2411,101,"Over-delivery, Underpayment",50000,55000,2.0,1.8,Auto-detected supply anomaly,2025-04-24 11:51:56.170576
110,2481,50,"Over-delivery, Underpayment",50000,55000,0.5,0.45,Auto-detected supply anomaly,2025-04-24 11:51:56.332835
111,2499,68,"Over-delivery, Underpayment",50000,55000,10.0,9.0,Auto-detected supply anomaly,2025-04-24 11:51:56.375865
112,2521,90,"Over-delivery, Underpayment",50000,55000,1.0,0.9,Auto-detected supply anomaly,2025-04-24 11:51:56.427576
113,2546,32,"Under-delivery, Underpayment",50000,45000,10.0,9.0,Auto-detected supply anomaly,2025-04-24 11:51:56.485943
114,2552,107,"Over-delivery, Overpayment",50000,55000,1.0,1.1,Auto-detected supply anomaly,2025-04-24 11:51:56.500087
115,2568,2,"Over-delivery, Overpayment",50000,55000,0.1,0.11,Auto-detected supply anomaly,2025-04-24 11:51:56.537576
116,2587,21,"Under-delivery, Underpayment",50000,45000,0.15,0.135,Auto-detected supply anomaly,2025-04-24 11:51:56.581692
117,2596,60,"Under-delivery, Underpayment",50000,45000,100.0,90.0,Auto-detected supply anomaly,2025-04-24 11:51:56.602614
118,2631,7,"Over-delivery, Overpayment",50000,55000,2.0,2.2,Auto-detected supply anomaly,2025-04-24 11:51:56.685374
119,2646,1,"Under-delivery, Overpayment",50000,45000,10.0,11.0,Auto-detected supply anomaly,2025-04-24 11:51:56.719917
120,2651,6,"Under-delivery, Underpayment",50000,45000,0.5,0.45,Auto-detected supply anomaly,2025-04-24 11:51:56.731357
121,2691,2,"Over-delivery, Overpayment",50000,55000,0.1,0.11,Auto-detected supply anomaly,2025-04-24 11:51:56.826283
122,2718,23,"Over-delivery, Overpayment",50000,55000,1.5,1.65,Auto-detected supply anomaly,2025-04-24 11:51:56.889871
123,2726,3,"Under-delivery, Overpayment",50000,45000,0.25,0.275,Auto-detected supply anomaly,2025-04-24 11:51:56.908595
124,2727,4,"Over-delivery, Overpayment",50000,55000,0.2,0.22,Auto-detected supply anomaly,2025-04-24 11:51:56.911171
125,2752,59,"Under-delivery, Underpayment",50000,45000,10.0,9.0,Auto-detected supply anomaly,2025-04-24 11:51:56.970635
126,2756,63,"Over-delivery, Underpayment",50000,55000,2.0,1.8,Auto-detected supply anomaly,2025-04-24 11:51:56.980049
127,2763,70,"Under-delivery, Overpayment",50000,45000,0.25,0.275,Auto-detected supply anomaly,2025-04-24 11:51:56.996346
128,2767,74,"Under-delivery, Underpayment",50000,45000,2.0,1.8,Auto-detected supply anomaly,2025-04-24 11:51:57.005906
129,2788,33,"Under-delivery, Underpayment",50000,45000,150.0,135.0,Auto-detected supply anomaly,2025-04-24 11:51:57.054693
130,2827,17,"Under-delivery, Underpayment",50000,45000,10.0,9.0,Auto-detected supply anomaly,2025-04-24 11:51:57.145236
131,2831,21,"Under-delivery, Overpayment",50000,45000,0.15,0.165,Auto-detected supply anomaly,2025-04-24 11:51:57.154671
132,2842,32,"Under-delivery, Overpayment",50000,45000,10.0,11.0,Auto-detected supply anomaly,2025-04-24 11:51:57.180162
133,2851,67,"Under-delivery, Underpayment",50000,45000,5.0,4.5,Auto-detected supply anomaly,2025-04-24 11:51:57.201428
134,2912,97,"Under-delivery, Overpayment",50000,45000,10.0,11.0,Auto-detected supply anomaly,2025-04-24 11:51:57.344876
135,2923,108,"Under-delivery, Underpayment",50000,45000,10.0,9.0,Auto-detected supply anomaly,2025-04-24 11:51:57.370973
136,2971,73,"Under-delivery, Underpayment",50000,45000,10.0,9.0,Auto-detected supply anomaly,2025-04-24 11:51:57.481839
137,2983,85,"Over-delivery, Overpayment",50000,55000,5.0,5.5,Auto-detected supply anomaly,2025-04-24 11:51:57.510285
138,2994,96,"Under-delivery, Underpayment",50000,45000,0.5,0.45,Auto-detected supply anomaly,2025-04-24 11:51:57.536337
139,2999,101,"Over-delivery, Overpayment",50000,55000,2.0,2.2,Auto-detected supply anomaly,2025-04-24 11:51:57.547972
140,3011,35,"Under-delivery, Underpayment",50000,45000,10.0,9.0,Auto-detected supply anomaly,2025-04-24 11:51:57.575884
141,3028,52,"Under-delivery, Underpayment",50000,45000,1.0,0.9,Auto-detected supply anomaly,2025-04-24 11:51:57.614854
142,3045,69,"Over-delivery, Overpayment",50000,55000,0.2,0.22,Auto-detected supply anomaly,2025-04-24 11:51:57.655345
143,3049,73,"Under-delivery, Overpayment",50000,45000,10.0,11.0,Auto-detected supply anomaly,2025-04-24 11:51:57.664905
144,3063,87,"Over-delivery, Underpayment",50000,55000,1.0,0.9,Auto-detected supply anomaly,2025-04-24 11:51:57.697581
145,3069,93,"Over-delivery, Underpayment",50000,55000,0.3,0.27,Auto-detected supply anomaly,2025-04-24 11:51:57.711544
146,3089,12,"Over-delivery, Underpayment",50000,55000,2.0,1.8,Auto-detected supply anomaly,2025-04-24 11:51:57.871696
147,3175,101,"Under-delivery, Underpayment",50000,45000,2.0,1.8,Auto-detected supply anomaly,2025-04-24 11:51:58.036109
148,3212,119,"Over-delivery, Overpayment",50000,55000,0.2,0.22,Auto-detected supply anomaly,2025-04-24 11:51:58.106255
149,3236,54,"Under-delivery, Underpayment",50000,45000,10.0,9.0,Auto-detected supply anomaly,2025-04-24 11:51:58.151624
150,3250,73,"Under-delivery, Underpayment",50000,45000,10.0,9.0,Auto-detected supply anomaly,2025-04-24 11:51:58.177859
151,3252,78,"Under-delivery, Underpayment",50000,45000,10.0,9.0,Auto-detected supply anomaly,2025-04-24 11:51:58.181796
152,3276,97,"Under-delivery, Overpayment",50000,45000,10.0,11.0,Auto-detected supply anomaly,2025-04-24 11:51:58.226466
153,3300,10,"Under-delivery, Underpayment",50000,45000,0.3,0.27,Auto-detected supply anomaly,2025-04-24 11:51:58.271381
154,3325,41,"Under-delivery, Overpayment",50000,45000,10.0,11.0,Auto-detected supply anomaly,2025-04-24 11:51:58.318492
155,3343,79,"Under-delivery, Underpayment",50000,45000,10.0,9.0,Auto-detected supply anomaly,2025-04-24 11:51:58.352899
156,3375,66,"Under-delivery, Overpayment",50000,45000,0.15,0.165,Auto-detected supply anomaly,2025-04-24 11:51:58.412741
157,3378,33,"Over-delivery, Overpayment",50000,55000,150.0,165.0,Auto-detected supply anomaly,2025-04-24 11:51:58.418395
158,3384,1,"Over-delivery, Overpayment",50000,55000,10.0,11.0,Auto-detected supply anomaly,2025-04-24 11:51:58.429534
159,3399,23,"Over-delivery, Overpayment",50000,55000,1.5,1.65,Auto-detected supply anomaly,2025-04-24 11:51:58.457589
160,3431,70,"Over-delivery, Overpayment",50000,55000,0.25,0.275,Auto-detected supply anomaly,2025-04-24 11:51:58.517521
161,3448,94,"Over-delivery, Underpayment",50000,55000,1.0,0.9,Auto-detected supply anomaly,2025-04-24 11:51:58.549528
162,3472,20,"Over-delivery, Overpayment",50000,55000,2.0,2.2,Auto-detected supply anomaly,2025-04-24 11:51:58.594244
163,3475,24,"Under-delivery, Overpayment",50000,45000,10.0,11.0,Auto-detected supply anomaly,2025-04-24 11:51:58.600171
164,3479,28,"Over-delivery, Overpayment",50000,55000,10.0,11.0,Auto-detected supply anomaly,2025-04-24 11:51:58.607792
165,3498,56,"Over-delivery, Overpayment",50000,55000,0.03,0.033,Auto-detected supply anomaly,2025-04-24 11:51:58.643834
166,3535,83,"Under-delivery, Underpayment",50000,45000,0.5,0.45,Auto-detected supply anomaly,2025-04-24 11:51:58.713080
167,3540,90,"Over-delivery, Overpayment",50000,55000,1.0,1.1,Auto-detected supply anomaly,2025-04-24 11:51:58.722495
168,3566,13,"Over-delivery, Overpayment",50000,55000,500.0,550.0,Auto-detected supply anomaly,2025-04-24 11:51:58.770940
169,3599,73,"Over-delivery, Underpayment",50000,55000,10.0,9.0,Auto-detected supply anomaly,2025-04-24 11:51:58.831992
170,3601,75,"Over-delivery, Overpayment",50000,55000,0.14,0.154,Auto-detected supply anomaly,2025-04-24 11:51:58.835870
171,3605,84,"Over-delivery, Overpayment",50000,55000,10.0,11.0,Auto-detected supply anomaly,2025-04-24 11:51:58.843403
172,3651,24,"Under-delivery, Underpayment",50000,45000,10.0,9.0,Auto-detected supply anomaly,2025-04-24 11:51:58.928741
173,3659,34,"Over-delivery, Overpayment",50000,55000,10.0,11.0,Auto-detected supply anomaly,2025-04-24 11:51:58.943839
174,3675,71,"Over-delivery, Underpayment",50000,55000,10.0,9.0,Auto-detected supply anomaly,2025-04-24 11:51:58.973907
175,3677,75,"Over-delivery, Underpayment",50000,55000,0.14,0.126,Auto-detected supply anomaly,2025-04-24 11:51:58.977792
176,3688,93,"Under-delivery, Overpayment",50000,45000,0.3,0.33,Auto-detected supply anomaly,2025-04-24 11:51:58.998368
177,3692,97,"Over-delivery, Overpayment",50000,55000,10.0,11.0,Auto-detected supply anomaly,2025-04-24 11:51:59.006374
178,3699,108,"Under-delivery, Underpayment",50000,45000,10.0,9.0,Auto-detected supply anomaly,2025-04-24 11:51:59.019474
179,3767,100,"Over-delivery, Overpayment",50000,55000,10.0,11.0,Auto-detected supply anomaly,2025-04-24 11:51:59.155570
180,3772,107,"Under-delivery, Underpayment",50000,45000,1.0,0.9,Auto-detected supply anomaly,2025-04-24 11:51:59.167575
181,3817,51,"Under-delivery, Overpayment",50000,45000,10.0,11.0,Auto-detected supply anomaly,2025-04-24 11:51:59.285297
182,3864,30,"Under-delivery, Overpayment",50000,45000,0.1,0.11,Auto-detected supply anomaly,2025-04-24 11:51:59.409295
183,3880,6,"Under-delivery, Underpayment",50000,45000,0.5,0.45,Auto-detected supply anomaly,2025-04-24 11:51:59.452058
184,3885,12,"Under-delivery, Underpayment",50000,45000,2.0,1.8,Auto-detected supply anomaly,2025-04-24 11:51:59.464800
185,3892,23,"Over-delivery, Underpayment",50000,55000,1.5,1.35,Auto-detected supply anomaly,2025-04-24 11:51:59.481655
186,3903,89,"Over-delivery, Overpayment",50000,55000,10.0,11.0,Auto-detected supply anomaly,2025-04-24 11:51:59.507624
187,3944,105,"Under-delivery, Overpayment",50000,45000,40.0,44.0,Auto-detected supply anomaly,2025-04-24 11:51:59.604158
188,3948,114,"Under-delivery, Underpayment",50000,45000,5.0,4.5,Auto-detected supply anomaly,2025-04-24 11:51:59.613788
189,3955,116,"Over-delivery, Underpayment",50000,55000,1.0,0.9,Auto-detected supply anomaly,2025-04-24 11:51:59.633660
190,3972,17,"Under-delivery, Underpayment",50000,45000,10.0,9.0,Auto-detected supply anomaly,2025-04-24 11:51:59.673899
191,3974,19,"Over-delivery, Overpayment",50000,55000,0.5,0.55,Auto-detected supply anomaly,2025-04-24 11:51:59.679139
192,3989,7,"Under-delivery, Overpayment",50000,45000,2.0,2.2,Auto-detected supply anomaly,2025-04-24 11:51:59.713991
193,3990,8,"Under-delivery, Underpayment",50000,45000,5.0,4.5,Auto-detected supply anomaly,2025-04-24 11:51:59.717174
194,3997,17,"Under-delivery, Underpayment",50000,45000,10.0,9.0,Auto-detected supply anomaly,2025-04-24 11:51:59.733689
195,4020,22,"Over-delivery, Underpayment",50000,55000,200.0,180.0,Auto-detected supply anomaly,2025-04-24 11:51:59.788301
196,4034,67,"Under-delivery, Underpayment",50000,45000,5.0,4.5,Auto-detected supply anomaly,2025-04-24 11:51:59.820503
197,4056,35,"Over-delivery, Underpayment",50000,55000,10.0,9.0,Auto-detected supply anomaly,2025-04-24 11:51:59.872977
198,4059,40,"Under-delivery, Overpayment",50000,45000,50.0,55.0,Auto-detected supply anomaly,2025-04-24 11:51:59.880776
199,4071,118,"Over-delivery, Underpayment",50000,55000,0.1,0.09,Auto-detected supply anomaly,2025-04-24 11:51:59.912092
200,4085,64,"Under-delivery, Overpayment",50000,45000,10.0,11.0,Auto-detected supply anomaly,2025-04-24 11:51:59.948118
201,4160,27,"Under-delivery, Overpayment",50000,45000,10.0,11.0,Auto-detected supply anomaly,2025-04-24 11:52:00.128046
202,4183,111,"Over-delivery, Overpayment",50000,55000,50.0,55.0,Auto-detected supply anomaly,2025-04-24 11:52:00.183264
203,4187,10,"Over-delivery, Overpayment",50000,55000,0.3,0.33,Auto-detected supply anomaly,2025-04-24 11:52:00.192686
204,4194,34,"Over-delivery, Underpayment",50000,55000,10.0,9.0,Auto-detected supply anomaly,2025-04-24 11:52:00.209134
205,4218,81,"Under-delivery, Underpayment",50000,45000,10.0,9.0,Auto-detected supply anomaly,2025-04-24 11:52:00.267816
206,4228,58,"Over-delivery, Underpayment",50000,55000,10.0,9.0,Auto-detected supply anomaly,2025-04-24 11:52:00.291252
207,4246,85,"Under-delivery, Underpayment",50000,45000,5.0,4.5,Auto-detected supply anomaly,2025-04-24 11:52:00.335293
208,4248,55,"Over-delivery, Underpayment",50000,55000,10.0,9.0,Auto-detected supply anomaly,2025-04-24 11:52:00.340162
209,4278,81,"Under-delivery, Overpayment",50000,45000,10.0,11.0,Auto-detected supply anomaly,2025-04-24 11:52:00.410993
210,4285,9,"Over-delivery, Overpayment",50000,55000,0.05,0.055,Auto-detected supply anomaly,2025-04-24 11:52:00.429415
211,4305,11,"Over-delivery, Underpayment",50000,55000,10.0,9.0,Auto-detected supply anomaly,2025-04-24 11:52:00.476534
212,4315,90,"Over-delivery, Underpayment",50000,55000,1.0,0.9,Auto-detected supply anomaly,2025-04-24 11:52:00.501354
213,4356,81,"Over-delivery, Underpayment",50000,55000,10.0,9.0,Auto-detected supply anomaly,2025-04-24 11:52:00.601874
214,4380,89,"Over-delivery, Overpayment",50000,55000,10.0,11.0,Auto-detected supply anomaly,2025-04-24 11:52:00.663447
215,4382,91,"Over-delivery, Overpayment",50000,55000,100.0,110.0,Auto-detected supply anomaly,2025-04-24 11:52:00.668316
216,4391,103,"Under-delivery, Overpayment",50000,45000,0.3,0.33,Auto-detected supply anomaly,2025-04-24 11:52:00.689168
217,4394,106,"Under-delivery, Underpayment",50000,45000,0.5,0.45,Auto-detected supply anomaly,2025-04-24 11:52:00.696839
218,4405,42,"Under-delivery, Overpayment",50000,45000,1.0,1.1,Auto-detected supply anomaly,2025-04-24 11:52:00.723537
219,4447,101,"Over-delivery, Underpayment",50000,55000,2.0,1.8,Auto-detected supply anomaly,2025-04-24 11:52:00.824087
220,4457,117,"Under-delivery, Overpayment",50000,45000,50.0,55.0,Auto-detected supply anomaly,2025-04-24 11:52:00.848591
221,4465,46,"Over-delivery, Underpayment",50000,55000,0.2,0.18,Auto-detected supply anomaly,2025-04-24 11:52:00.867424
222,4486,84,"Over-delivery, Underpayment",50000,55000,10.0,9.0,Auto-detected supply anomaly,2025-04-24 11:52:00.916073
223,4513,16,"Over-delivery, Overpayment",50000,55000,10.0,11.0,Auto-detected supply anomaly,2025-04-24 11:52:00.978218
224,4531,43,"Under-delivery, Underpayment",50000,45000,0.2,0.18,Auto-detected supply anomaly,2025-04-24 11:52:01.019654
225,4532,44,"Under-delivery, Overpayment",50000,45000,10.0,11.0,Auto-detected supply anomaly,2025-04-24 11:52:01.022157
226,4537,49,"Under-delivery, Overpayment",50000,45000,10.0,11.0,Auto-detected supply anomaly,2025-04-24 11:52:01.033995
227,4545,59,"Over-delivery, Underpayment",50000,55000,10.0,9.0,Auto-detected supply anomaly,2025-04-24 11:52:01.052492
228,4546,61,"Over-delivery, Underpayment",50000,55000,10.0,9.0,Auto-detected supply anomaly,2025-04-24 11:52:01.055003
229,4555,78,"Under-delivery, Overpayment",50000,45000,10.0,11.0,Auto-detected supply anomaly,2025-04-24 11:52:01.076092
230,4559,82,"Under-delivery, Underpayment",50000,45000,0.14,0.126,Auto-detected supply anomaly,2025-04-24 11:52:01.085416
231,4562,86,"Over-delivery, Overpayment",50000,55000,0.5,0.55,Auto-detected supply anomaly,2025-04-24 11:52:01.092500
232,4660,1,"Over-delivery, Underpayment",50000,55000,10.0,9.0,Auto-detected supply anomaly,2025-04-24 11:52:01.317822
233,4744,18,"Over-delivery, Underpayment",50000,55000,100.0,90.0,Auto-detected supply anomaly,2025-04-24 11:52:01.514113
234,4748,22,"Over-delivery, Underpayment",50000,55000,200.0,180.0,Auto-detected supply anomaly,2025-04-24 11:52:01.524564
235,4769,49,"Over-delivery, Underpayment",50000,55000,10.0,9.0,Auto-detected supply anomaly,2025-04-24 11:52:01.575814
236,4771,53,"Over-delivery, Underpayment",50000,55000,2.0,1.8,Auto-detected supply anomaly,2025-04-24 11:52:01.581425
237,4773,69,"Under-delivery, Overpayment",50000,45000,0.2,0.22,Auto-detected supply anomaly,2025-04-24 11:52:01.586381
238,4840,47,"Under-delivery, Underpayment",50000,45000,1.0,0.9,Auto-detected supply anomaly,2025-04-24 11:52:01.747470
239,4868,85,"Over-delivery, Overpayment",50000,55000,5.0,5.5,Auto-detected supply anomaly,2025-04-24 11:52:01.816863
240,4911,44,"Under-delivery, Overpayment",50000,45000,10.0,11.0,Auto-detected supply anomaly,2025-04-24 11:52:01.918533
241,4919,55,"Over-delivery, Underpayment",50000,55000,10.0,9.0,Auto-detected supply anomaly,2025-04-24 11:52:01.938987
242,4920,57,"Over-delivery, Underpayment",50000,55000,50.0,45.0,Auto-detected supply anomaly,2025-04-24 11:52:01.941524
243,5029,101,"Over-delivery, Underpayment",50000,55000,2.0,1.8,Auto-detected supply anomaly,2025-04-24 11:52:02.205632
244,5115,115,"Over-delivery, Overpayment",50000,55000,10.0,11.0,Auto-detected supply anomaly,2025-04-24 11:52:02.406885
245,5138,29,"Under-delivery, Underpayment",50000,45000,0.2,0.18,Auto-detected supply anomaly,2025-04-24 11:52:02.465156
246,5157,56,"Under-delivery, Underpayment",50000,45000,0.03,0.027,Auto-detected supply anomaly,2025-04-24 11:52:02.510513
247,5186,118,"Under-delivery, Overpayment",50000,45000,0.1,0.11,Auto-detected supply anomaly,2025-04-24 11:52:02.579550
248,5239,71,"Under-delivery, Underpayment",50000,45000,10.0,9.0,Auto-detected supply anomaly,2025-04-24 11:52:02.706687
249,5267,89,"Under-delivery, Underpayment",50000,45000,10.0,9.0,Auto-detected supply anomaly,2025-04-24 11:52:02.772227
250,5279,9,"Over-delivery, Underpayment",50000,55000,0.05,0.045,Auto-detected supply anomaly,2025-04-24 11:52:02.916665
251,5298,121,"Under-delivery, Underpayment",50000,45000,0.5,0.45,Auto-detected supply anomaly,2025-04-24 11:52:02.954776
252,5449,109,"Over-delivery, Underpayment",50000,55000,0.5,0.45,Auto-detected supply anomaly,2025-04-24 11:52:03.245254
253,5459,56,"Under-delivery, Underpayment",50000,45000,0.03,0.027,Auto-detected supply anomaly,2025-04-24 11:52:03.264968
254,5466,100,"Under-delivery, Overpayment",50000,45000,10.0,11.0,Auto-detected supply anomaly,2025-04-24 11:52:03.278692
255,5467,15,"Under-delivery, Underpayment",50000,45000,75.0,67.5,Auto-detected supply anomaly,2025-04-24 11:52:03.280814
256,5493,51,"Under-delivery, Underpayment",50000,45000,10.0,9.0,Auto-detected supply anomaly,2025-04-24 11:52:03.330684
257,5500,82,"Over-delivery, Underpayment",50000,55000,0.14,0.126,Auto-detected supply anomaly,2025-04-24 11:52:03.344455
258,5515,36,"Under-delivery, Overpayment",50000,45000,20.79,22.869,Auto-detected supply anomaly,2025-04-24 11:52:03.373857
259,5520,55,"Under-delivery, Underpayment",50000,45000,10.0,9.0,Auto-detected supply anomaly,2025-04-24 11:52:03.383794
260,5551,35,"Under-delivery, Underpayment",50000,45000,10.0,9.0,Auto-detected supply anomaly,2025-04-24 11:52:03.443574
261,5553,43,"Under-delivery, Underpayment",50000,45000,0.2,0.18,Auto-detected supply anomaly,2025-04-24 11:52:03.447591
262,5581,109,"Over-delivery, Overpayment",50000,55000,0.5,0.55,Auto-detected supply anomaly,2025-04-24 11:52:03.501403
263,5617,53,"Over-delivery, Underpayment",50000,55000,2.0,1.8,Auto-detected supply anomaly,2025-04-24 11:52:03.570706
264,5619,81,"Under-delivery, Underpayment",50000,45000,10.0,9.0,Auto-detected supply anomaly,2025-04-24 11:52:03.574781
265,5671,113,"Under-delivery, Overpayment",50000,45000,10.0,11.0,Auto-detected supply anomaly,2025-04-24 11:52:03.677060
266,5704,54,"Under-delivery, Overpayment",50000,45000,10.0,11.0,Auto-detected supply anomaly,2025-04-24 11:52:03.747530
267,5728,107,"Under-delivery, Overpayment",50000,45000,1.0,1.1,Auto-detected supply anomaly,2025-04-24 11:52:03.793829
268,5789,48,"Over-delivery, Overpayment",50000,55000,1.0,1.1,Auto-detected supply anomaly,2025-04-24 11:52:03.909082
269,5806,49,"Over-delivery, Overpayment",50000,55000,10.0,11.0,Auto-detected supply anomaly,2025-04-24 11:52:03.942811
270,5818,86,"Under-delivery, Overpayment",50000,45000,0.5,0.55,Auto-detected supply anomaly,2025-04-24 11:52:03.967493
271,5847,103,"Under-delivery, Underpayment",50000,45000,0.3,0.27,Auto-detected supply anomaly,2025-04-24 11:52:04.022174
272,5855,6,"Under-delivery, Underpayment",50000,45000,0.5,0.45,Auto-detected supply anomaly,2025-04-24 11:52:04.037856
273,5860,18,"Over-delivery, Overpayment",50000,55000,100.0,110.0,Auto-detected supply anomaly,2025-04-24 11:52:04.051132
274,5869,63,"Over-delivery, Underpayment",50000,55000,2.0,1.8,Auto-detected supply anomaly,2025-04-24 11:52:04.068949
275,5889,26,"Under-delivery, Overpayment",50000,45000,10.0,11.0,Auto-detected supply anomaly,2025-04-24 11:52:04.111733
276,5904,120,"Under-delivery, Underpayment",50000,45000,10.0,9.0,Auto-detected supply anomaly,2025-04-24 11:52:04.143184
277,5937,50,"Over-delivery, Underpayment",50000,55000,0.5,0.45,Auto-detected supply anomaly,2025-04-24 11:52:04.210637
278,5947,96,"Under-delivery, Underpayment",50000,45000,0.5,0.45,Auto-detected supply anomaly,2025-04-24 11:52:04.230976
279,5996,97,"Over-delivery, Underpayment",50000,55000,10.0,9.0,Auto-detected supply anomaly,2025-04-24 11:52:04.335203
280,6003,21,"Under-delivery, Underpayment",50000,45000,0.15,0.135,Auto-detected supply anomaly,2025-04-24 11:52:04.353483
281,6022,23,"Over-delivery, Overpayment",50000,55000,1.5,1.65,Auto-detected supply anomaly,2025-04-24 11:52:04.400171
282,6032,79,"Under-delivery, Overpayment",50000,45000,10.0,11.0,Auto-detected supply anomaly,2025-04-24 11:52:04.423479
283,6042,21,"Under-delivery, Underpayment",50000,45000,0.15,0.135,Auto-detected supply anomaly,2025-04-24 11:52:04.446474
284,6043,27,"Over-delivery, Overpayment",50000,55000,10.0,11.0,Auto-detected supply anomaly,2025-04-24 11:52:04.449038
285,6071,29,"Over-delivery, Underpayment",50000,55000,0.2,0.18,Auto-detected supply anomaly,2025-04-24 11:52:04.517123
286,6103,108,"Over-delivery, Underpayment",50000,55000,10.0,9.0,Auto-detected supply anomaly,2025-04-24 11:52:04.699845
287,6105,109,"Under-delivery, Overpayment",50000,45000,0.5,0.55,Auto-detected supply anomaly,2025-04-24 11:52:04.703895
288,6161,9,"Over-delivery, Overpayment",50000,55000,0.05,0.055,Auto-detected supply anomaly,2025-04-24 11:52:04.809102
289,6182,57,"Under-delivery, Underpayment",50000,45000,50.0,45.0,Auto-detected supply anomaly,2025-04-24 11:52:04.848847
290,6205,67,"Over-delivery, Overpayment",50000,55000,5.0,5.5,Auto-detected supply anomaly,2025-04-24 11:52:04.892098
291,6252,12,"Over-delivery, Underpayment",50000,55000,2.0,1.8,Auto-detected supply anomaly,2025-04-24 11:52:04.980305
292,6256,30,"Over-delivery, Overpayment",50000,55000,0.1,0.11,Auto-detected supply anomaly,2025-04-24 11:52:04.987871
293,6276,40,"Under-delivery, Underpayment",50000,45000,50.0,45.0,Auto-detected supply anomaly,2025-04-24 11:52:05.025598
294,6286,8,"Under-delivery, Underpayment",50000,45000,5.0,4.5,Auto-detected supply anomaly,2025-04-24 11:52:05.044771
295,6296,24,"Under-delivery, Underpayment",50000,45000,10.0,9.0,Auto-detected supply anomaly,2025-04-24 11:52:05.063495
296,6343,20,"Over-delivery, Underpayment",50000,55000,2.0,1.8,Auto-detected supply anomaly,2025-04-24 11:52:05.151866
297,6346,90,"Over-delivery, Underpayment",50000,55000,1.0,0.9,Auto-detected supply anomaly,2025-04-24 11:52:05.157599
298,6365,107,"Over-delivery, Underpayment",50000,55000,1.0,0.9,Auto-detected supply anomaly,2025-04-24 11:52:05.193632
299,6381,101,"Under-delivery, Overpayment",50000,45000,2.0,2.2,Auto-detected supply anomaly,2025-04-24 11:52:05.223547
300,6392,66,"Over-delivery, Underpayment",50000,55000,0.15,0.135,Auto-detected supply anomaly,2025-04-24 11:52:05.244321
301,6406,73,"Under-delivery, Overpayment",50000,45000,10.0,11.0,Auto-detected supply anomaly,2025-04-24 11:52:05.270943
302,6412,10,"Over-delivery, Overpayment",50000,55000,0.3,0.33,Auto-detected supply anomaly,2025-04-24 11:52:05.282278
303,6414,119,"Over-delivery, Overpayment",50000,55000,0.2,0.22,Auto-detected supply anomaly,2025-04-24 11:52:05.286197
304,6432,103,"Under-delivery, Underpayment",50000,45000,0.3,0.27,Auto-detected supply anomaly,2025-04-24 11:52:05.319963
305,6434,116,"Under-delivery, Underpayment",50000,45000,1.0,0.9,Auto-detected supply anomaly,2025-04-24 11:52:05.323892
306,6445,63,"Over-delivery, Overpayment",50000,55000,2.0,2.2,Auto-detected supply anomaly,2025-04-24 11:52:05.344910
307,6485,2,"Under-delivery, Overpayment",50000,45000,0.1,0.11,Auto-detected supply anomaly,2025-04-24 11:52:05.419477
308,6525,56,"Over-delivery, Overpayment",50000,55000,0.03,0.033,Auto-detected supply anomaly,2025-04-24 11:52:05.493867
309,6529,82,"Under-delivery, Overpayment",50000,45000,0.14,0.154,Auto-detected supply anomaly,2025-04-24 11:52:05.501593
310,6572,15,"Under-delivery, Overpayment",50000,45000,75.0,82.5,Auto-detected supply anomaly,2025-04-24 11:52:05.691213
311,6596,110,"Over-delivery, Underpayment",50000,55000,10.0,9.0,Auto-detected supply anomaly,2025-04-24 11:52:05.736726
312,6615,2,"Under-delivery, Overpayment",50000,45000,0.1,0.11,Auto-detected supply anomaly,2025-04-24 11:52:05.772619
313,6634,63,"Over-delivery, Overpayment",50000,55000,2.0,2.2,Auto-detected supply anomaly,2025-04-24 11:52:05.808404
314,6657,95,"Over-delivery, Overpayment",50000,55000,1.0,1.1,Auto-detected supply anomaly,2025-04-24 11:52:05.854308
315,6658,98,"Under-delivery, Overpayment",50000,45000,0.2,0.22,Auto-detected supply anomaly,2025-04-24 11:52:05.856565
316,6666,107,"Under-delivery, Underpayment",50000,45000,1.0,0.9,Auto-detected supply anomaly,2025-04-24 11:52:05.872024
317,6685,7,"Under-delivery, Overpayment",50000,45000,2.0,2.2,Auto-detected supply anomaly,2025-04-24 11:52:05.907737
318,6715,20,"Over-delivery, Overpayment",50000,55000,2.0,2.2,Auto-detected supply anomaly,2025-04-24 11:52:05.964211
319,6740,93,"Over-delivery, Overpayment",50000,55000,0.3,0.33,Auto-detected supply anomaly,2025-04-24 11:52:06.011197
320,6812,50,"Under-delivery, Underpayment",50000,45000,0.5,0.45,Auto-detected supply anomaly,2025-04-24 11:52:06.146579
321,6826,9,"Under-delivery, Underpayment",50000,45000,0.05,0.045,Auto-detected supply anomaly,2025-04-24 11:52:06.172915
322,6861,49,"Over-delivery, Overpayment",50000,55000,10.0,11.0,Auto-detected supply anomaly,2025-04-24 11:52:06.238658
323,6881,85,"Under-delivery, Overpayment",50000,45000,5.0,5.5,Auto-detected supply anomaly,2025-04-24 11:52:06.276267
324,6917,30,"Under-delivery, Underpayment",50000,45000,0.1,0.09,Auto-detected supply anomaly,2025-04-24 11:52:06.344213
325,7018,83,"Under-delivery, Underpayment",50000,45000,0.5,0.45,Auto-detected supply anomaly,2025-04-24 11:52:06.533958
326,7054,99,"Over-delivery, Overpayment",50000,55000,10.0,11.0,Auto-detected supply anomaly,2025-04-24 11:52:06.601577
327,7092,35,"Over-delivery, Underpayment",50000,55000,10.0,9.0,Auto-detected supply anomaly,2025-04-24 11:52:06.674578
328,7099,53,"Under-delivery, Underpayment",50000,45000,2.0,1.8,Auto-detected supply anomaly,2025-04-24 11:52:06.687911
329,7147,113,"Under-delivery, Overpayment",50000,45000,10.0,11.0,Auto-detected supply anomaly,2025-04-24 11:52:06.778387
330,7176,13,"Over-delivery, Overpayment",50000,55000,500.0,550.0,Auto-detected supply anomaly,2025-04-24 11:52:06.833142
331,7195,114,"Under-delivery, Overpayment",50000,45000,5.0,5.5,Auto-detected supply anomaly,2025-04-24 11:52:06.869073
332,7212,24,"Under-delivery, Underpayment",50000,45000,10.0,9.0,Auto-detected supply anomaly,2025-04-24 11:52:06.901060
333,7218,97,"Under-delivery, Overpayment",50000,45000,10.0,11.0,Auto-detected supply anomaly,2025-04-24 11:52:06.912614
334,7221,63,"Under-delivery, Underpayment",50000,45000,2.0,1.8,Auto-detected supply anomaly,2025-04-24 11:52:06.918290
335,7225,45,"Over-delivery, Underpayment",50000,55000,200.0,180.0,Auto-detected supply anomaly,2025-04-24 11:52:06.925940
336,7243,75,"Over-delivery, Overpayment",50000,55000,0.14,0.154,Auto-detected supply anomaly,2025-04-24 11:52:06.963247
337,7273,44,"Under-delivery, Overpayment",50000,45000,10.0,11.0,Auto-detected supply anomaly,2025-04-24 11:52:07.024408
338,7293,107,"Under-delivery, Underpayment",50000,45000,1.0,0.9,Auto-detected supply anomaly,2025-04-24 11:52:07.066571
339,7300,48,"Under-delivery, Underpayment",50000,45000,1.0,0.9,Auto-detected supply anomaly,2025-04-24 11:52:07.080963
340,7306,57,"Over-delivery, Overpayment",50000,55000,50.0,55.0,Auto-detected supply anomaly,2025-04-24 11:52:07.095559
341,7330,109,"Over-delivery, Overpayment",50000,55000,0.5,0.55,Auto-detected supply anomaly,2025-04-24 11:52:07.148661
342,7333,36,"Over-delivery, Overpayment",50000,55000,20.79,22.869,Auto-detected supply anomaly,2025-04-24 11:52:07.156338
343,7345,71,"Under-delivery, Overpayment",50000,45000,10.0,11.0,Auto-detected supply anomaly,2025-04-24 11:52:07.187537
344,7372,1,"Over-delivery, Underpayment",50000,55000,10.0,9.0,Auto-detected supply anomaly,2025-04-24 11:52:07.255560
345,7406,94,"Over-delivery, Underpayment",50000,55000,1.0,0.9,Auto-detected supply anomaly,2025-04-24 11:52:07.335743
346,7418,27,"Over-delivery, Underpayment",50000,55000,10.0,9.0,Auto-detected supply anomaly,2025-04-24 11:52:07.363317
347,7430,19,"Over-delivery, Underpayment",50000,55000,0.5,0.45,Auto-detected supply anomaly,2025-04-24 11:52:07.392325
348,7436,89,"Under-delivery, Overpayment",50000,45000,10.0,11.0,Auto-detected supply anomaly,2025-04-24 11:52:07.406353
349,7439,94,"Over-delivery, Underpayment",50000,55000,1.0,0.9,Auto-detected supply anomaly,2025-04-24 11:52:07.413383
350,7495,57,"Under-delivery, Overpayment",50000,45000,50.0,55.0,Auto-detected supply anomaly,2025-04-24 11:52:07.545516
351,7498,65,"Over-delivery, Overpayment",50000,55000,20.0,22.0,Auto-detected supply anomaly,2025-04-24 11:52:07.552938
352,7514,102,"Over-delivery, Overpayment",50000,55000,10.0,11.0,Auto-detected supply anomaly,2025-04-24 11:52:07.590333
353,7536,69,"Over-delivery, Overpayment",50000,55000,0.2,0.22,Auto-detected supply anomaly,2025-04-24 11:52:07.641424
354,7539,73,"Under-delivery, Underpayment",50000,45000,10.0,9.0,Auto-detected supply anomaly,2025-04-24 11:52:07.649223
355,7548,87,"Under-delivery, Overpayment",50000,45000,1.0,1.1,Auto-detected supply anomaly,2025-04-24 11:52:07.672552
356,7551,93,"Under-delivery, Underpayment",50000,45000,0.3,0.27,Auto-detected supply anomaly,2025-04-24 11:52:07.680379
357,7554,100,"Over-delivery, Underpayment",50000,55000,10.0,9.0,Auto-detected supply anomaly,2025-04-24 11:52:07.687551
358,7579,102,"Under-delivery, Underpayment",50000,45000,10.0,9.0,Auto-detected supply anomaly,2025-04-24 11:52:07.746369
359,7626,78,"Over-delivery, Overpayment",50000,55000,10.0,11.0,Auto-detected supply anomaly,2025-04-24 11:52:07.857215
360,7667,75,"Over-delivery, Underpayment",50000,55000,0.14,0.126,Auto-detected supply anomaly,2025-04-24 11:52:07.955257
361,7715,79,"Over-delivery, Overpayment",50000,55000,10.0,11.0,Auto-detected supply anomaly,2025-04-24 11:52:08.070732
362,7750,39,"Under-delivery, Overpayment",50000,45000,100.0,110.0,Auto-detected supply anomaly,2025-04-24 11:52:08.155167
363,7755,45,"Under-delivery, Overpayment",50000,45000,200.0,220.0,Auto-detected supply anomaly,2025-04-24 11:52:08.166986
364,7769,91,"Over-delivery, Overpayment",50000,55000,100.0,110.0,Auto-detected supply anomaly,2025-04-24 11:52:08.199136
365,7795,27,"Under-delivery, Overpayment",50000,45000,10.0,11.0,Auto-detected supply anomaly,2025-04-24 11:52:08.261065
366,7801,43,"Under-delivery, Underpayment",50000,45000,0.2,0.18,Auto-detected supply anomaly,2025-04-24 11:52:08.274859
367,7832,19,"Over-delivery, Underpayment",50000,55000,0.5,0.45,Auto-detected supply anomaly,2025-04-24 11:52:08.346933
368,7856,47,"Under-delivery, Overpayment",50000,45000,1.0,1.1,Auto-detected supply anomaly,2025-04-24 11:52:08.403160
369,7871,89,"Under-delivery, Overpayment",50000,45000,10.0,11.0,Auto-detected supply anomaly,2025-04-24 11:52:08.438790
370,7881,109,"Under-delivery, Overpayment",50000,45000,0.5,0.55,Auto-detected supply anomaly,2025-04-24 11:52:08.462274
371,7916,78,"Over-delivery, Underpayment",50000,55000,10.0,9.0,Auto-detected supply anomaly,2025-04-24 11:52:08.543662
372,7925,37,"Over-delivery, Underpayment",50000,55000,3.0,2.7,Auto-detected supply anomaly,2025-04-24 11:52:08.565446
373,7933,88,"Under-delivery, Underpayment",50000,45000,0.1,0.09,Auto-detected supply anomaly,2025-04-24 11:52:08.584841
374,7935,94,"Under-delivery, Overpayment",50000,45000,1.0,1.1,Auto-detected supply anomaly,2025-04-24 11:52:08.590632
375,7982,90,"Over-delivery, Overpayment",50000,55000,1.0,1.1,Auto-detected supply anomaly,2025-04-24 11:52:08.700459
376,8012,39,"Over-delivery, Underpayment",50000,55000,100.0,90.0,Auto-detected supply anomaly,2025-04-24 11:52:08.765086
377,8019,50,"Under-delivery, Underpayment",50000,45000,0.5,0.45,Auto-detected supply anomaly,2025-04-24 11:52:08.782330
378,8073,54,"Over-delivery, Overpayment",50000,55000,10.0,11.0,Auto-detected supply anomaly,2025-04-24 11:52:08.899552
379,8085,44,"Under-delivery, Underpayment",50000,45000,10.0,9.0,Auto-detected supply anomaly,2025-04-24 11:52:08.993772
380,8089,31,"Under-delivery, Overpayment",50000,45000,10.0,11.0,Auto-detected supply anomaly,2025-04-24 11:52:09.121857
381,8098,37,"Over-delivery, Underpayment",50000,55000,3.0,2.7,Auto-detected supply anomaly,2025-04-24 11:52:09.140911
382,8110,5,"Under-delivery, Underpayment",50000,45000,1.0,0.9,Auto-detected supply anomaly,2025-04-24 11:52:09.164937
383,8111,7,"Over-delivery, Overpayment",50000,55000,2.0,2.2,Auto-detected supply anomaly,2025-04-24 11:52:09.167084
384,8132,114,"Under-delivery, Underpayment",50000,45000,5.0,4.5,Auto-detected supply anomaly,2025-04-24 11:52:09.208367
385,8141,93,"Under-delivery, Underpayment",50000,45000,0.3,0.27,Auto-detected supply anomaly,2025-04-24 11:52:09.226024
386,8174,67,"Over-delivery, Overpayment",50000,55000,5.0,5.5,Auto-detected supply anomaly,2025-04-24 11:52:09.291435
387,8188,29,"Under-delivery, Underpayment",50000,45000,0.2,0.18,Auto-detected supply anomaly,2025-04-24 11:52:09.318573
388,8216,27,"Under-delivery, Underpayment",50000,45000,10.0,9.0,Auto-detected supply anomaly,2025-04-24 11:52:09.371175
389,8246,3,"Under-delivery, Underpayment",50000,45000,0.25,0.225,Auto-detected supply anomaly,2025-04-24 11:52:09.428383
390,8261,84,"Over-delivery, Underpayment",50000,55000,10.0,9.0,Auto-detected supply anomaly,2025-04-24 11:52:09.456746
391,8307,96,"Under-delivery, Underpayment",50000,45000,0.5,0.45,Auto-detected supply anomaly,2025-04-24 11:52:09.544251
392,8323,31,"Under-delivery, Underpayment",50000,45000,10.0,9.0,Auto-detected supply anomaly,2025-04-24 11:52:09.574646
393,8326,43,"Over-delivery, Overpayment",50000,55000,0.2,0.22,Auto-detected supply anomaly,2025-04-24 11:52:09.580565
394,8379,39,"Under-delivery, Underpayment",50000,45000,100.0,90.0,Auto-detected supply anomaly,2025-04-24 11:52:09.681684
395,8406,82,"Under-delivery, Overpayment",50000,45000,0.14,0.154,Auto-detected supply anomaly,2025-04-24 11:52:09.733043
396,8443,56,"Under-delivery, Overpayment",50000,45000,0.03,0.033,Auto-detected supply anomaly,2025-04-24 11:52:09.802420
397,8466,77,"Under-delivery, Overpayment",50000,45000,1.0,1.1,Auto-detected supply anomaly,2025-04-24 11:52:09.846773
398,8486,8,"Over-delivery, Overpayment",50000,55000,5.0,5.5,Auto-detected supply anomaly,2025-04-24 11:52:09.884811
399,8487,20,"Under-delivery, Overpayment",50000,45000,2.0,2.2,Auto-detected supply anomaly,2025-04-24 11:52:09.886896
400,8543,71,"Over-delivery, Overpayment",50000,55000,10.0,11.0,Auto-detected supply anomaly,2025-04-24 11:52:09.992448
401,8577,61,"Under-delivery, Underpayment",50000,45000,10.0,9.0,Auto-detected supply anomaly,2025-04-24 11:52:10.057927
402,8632,19,"Over-delivery, Underpayment",50000,55000,0.5,0.45,Auto-detected supply anomaly,2025-04-24 11:52:10.162530
403,8650,45,"Under-delivery, Overpayment",50000,45000,200.0,220.0,Auto-detected supply anomaly,2025-04-24 11:52:10.196435
404,8669,63,"Over-delivery, Overpayment",50000,55000,2.0,2.2,Auto-detected supply anomaly,2025-04-24 11:52:10.233001
405,8676,82,"Under-delivery, Overpayment",50000,45000,0.14,0.154,Auto-detected supply anomaly,2025-04-24 11:52:10.246491
406,8678,32,"Over-delivery, Overpayment",50000,55000,10.0,11.0,Auto-detected supply anomaly,2025-04-24 11:52:10.250705
407,8706,79,"Under-delivery, Overpayment",50000,45000,10.0,11.0,Auto-detected supply anomaly,2025-04-24 11:52:10.302862
408,8716,88,"Under-delivery, Underpayment",50000,45000,0.1,0.09,Auto-detected supply anomaly,2025-04-24 11:52:10.322092
409,8760,98,"Under-delivery, Underpayment",50000,45000,0.2,0.18,Auto-detected supply anomaly,2025-04-24 11:52:10.409204
410,8766,13,"Over-delivery, Underpayment",50000,55000,500.0,450.0,Auto-detected supply anomaly,2025-04-24 11:52:10.421242
411,8796,81,"Under-delivery, Overpayment",50000,45000,10.0,11.0,Auto-detected supply anomaly,2025-04-24 11:52:10.482220
412,8811,76,"Under-delivery, Overpayment",50000,45000,1.0,1.1,Auto-detected supply anomaly,2025-04-24 11:52:10.513025
413,8830,97,"Under-delivery, Overpayment",50000,45000,10.0,11.0,Auto-detected supply anomaly,2025-04-24 11:52:10.553424
414,8833,103,"Over-delivery, Overpayment",50000,55000,0.3,0.33,Auto-detected supply anomaly,2025-04-24 11:52:10.559541
415,8872,29,"Over-delivery, Overpayment",50000,55000,0.2,0.22,Auto-detected supply anomaly,2025-04-24 11:52:10.643832
416,8884,91,"Under-delivery, Overpayment",50000,45000,100.0,110.0,Auto-detected supply anomaly,2025-04-24 11:52:10.671207
417,8959,118,"Under-delivery, Overpayment",50000,45000,0.1,0.11,Auto-detected supply anomaly,2025-04-24 11:52:10.830134
418,8970,27,"Under-delivery, Overpayment",50000,45000,10.0,11.0,Auto-detected supply anomaly,2025-04-24 11:52:10.856472
419,8994,56,"Over-delivery, Overpayment",50000,55000,0.03,0.033,Auto-detected supply anomaly,2025-04-24 11:52:10.912394
420,8999,121,"Over-delivery, Overpayment",50000,55000,0.5,0.55,Auto-detected supply anomaly,2025-04-24 11:52:10.924124
421,9005,46,"Under-delivery, Underpayment",50000,45000,0.2,0.18,Auto-detected supply anomaly,2025-04-24 11:52:10.938174
422,9009,17,"Under-delivery, Overpayment",50000,45000,10.0,11.0,Auto-detected supply anomaly,2025-04-24 11:52:10.947547
423,9032,84,"Under-delivery, Overpayment",50000,45000,10.0,11.0,Auto-detected supply anomaly,2025-04-24 11:52:11.000877
424,9033,72,"Over-delivery, Underpayment",50000,55000,0.3,0.27,Auto-detected supply anomaly,2025-04-24 11:52:11.003410
425,9047,33,"Over-delivery, Overpayment",50000,55000,150.0,165.0,Auto-detected supply anomaly,2025-04-24 11:52:11.153902
426,9080,18,"Under-delivery, Overpayment",50000,45000,100.0,110.0,Auto-detected supply anomaly,2025-04-24 11:52:11.219360
427,9082,21,"Under-delivery, Overpayment",50000,45000,0.15,0.165,Auto-detected supply anomaly,2025-04-24 11:52:11.223433
428,9102,101,"Under-delivery, Overpayment",50000,45000,2.0,2.2,Auto-detected supply anomaly,2025-04-24 11:52:11.261361
429,9123,16,"Over-delivery, Underpayment",50000,55000,10.0,9.0,Auto-detected supply anomaly,2025-04-24 11:52:11.301318
430,9129,66,"Over-delivery, Underpayment",50000,55000,0.15,0.135,Auto-detected supply anomaly,2025-04-24 11:52:11.312606
431,9133,57,"Over-delivery, Underpayment",50000,55000,50.0,45.0,Auto-detected supply anomaly,2025-04-24 11:52:11.320416
432,9152,55,"Under-delivery, Overpayment",50000,45000,10.0,11.0,Auto-detected supply anomaly,2025-04-24 11:52:11.356320
433,9190,69,"Under-delivery, Underpayment",50000,45000,0.2,0.18,Auto-detected supply anomaly,2025-04-24 11:52:11.428655
434,9218,51,"Under-delivery, Underpayment",50000,45000,10.0,9.0,Auto-detected supply anomaly,2025-04-24 11:52:11.482135
435,9223,3,"Over-delivery, Underpayment",50000,55000,0.25,0.225,Auto-detected supply anomaly,2025-04-24 11:52:11.491657
436,9269,84,"Over-delivery, Underpayment",50000,55000,10.0,9.0,Auto-detected supply anomaly,2025-04-24 11:52:11.578791
437,9283,111,"Over-delivery, Underpayment",50000,55000,50.0,45.0,Auto-detected supply anomaly,2025-04-24 11:52:11.605439
438,9291,81,"Over-delivery, Overpayment",50000,55000,10.0,11.0,Auto-detected supply anomaly,2025-04-24 11:52:11.620685
439,9319,36,"Over-delivery, Overpayment",50000,55000,20.79,22.869,Auto-detected supply anomaly,2025-04-24 11:52:11.674737
440,9368,112,"Over-delivery, Overpayment",50000,55000,0.6,0.66,Auto-detected supply anomaly,2025-04-24 11:52:11.767236
441,9383,15,"Over-delivery, Underpayment",50000,55000,75.0,67.5,Auto-detected supply anomaly,2025-04-24 11:52:11.795688
442,9398,30,"Over-delivery, Underpayment",50000,55000,0.1,0.09,Auto-detected supply anomaly,2025-04-24 11:52:11.824187
443,9469,115,"Over-delivery, Underpayment",50000,55000,10.0,9.0,Auto-detected supply anomaly,2025-04-24 11:52:11.957864
444,9485,44,"Over-delivery, Underpayment",50000,55000,10.0,9.0,Auto-detected supply anomaly,2025-04-24 11:52:11.988506
445,9487,49,"Under-delivery, Overpayment",50000,45000,10.0,11.0,Auto-detected supply anomaly,2025-04-24 11:52:11.992505
446,9490,35,"Under-delivery, Underpayment",50000,45000,10.0,9.0,Auto-detected supply anomaly,2025-04-24 11:52:11.998325
447,9506,81,"Under-delivery, Overpayment",50000,45000,10.0,11.0,Auto-detected supply anomaly,2025-04-24 11:52:12.028652
448,9518,50,"Under-delivery, Overpayment",50000,45000,0.5,0.55,Auto-detected supply anomaly,2025-04-24 11:52:12.051699
449,9525,105,"Under-delivery, Underpayment",50000,45000,40.0,36.0,Auto-detected supply anomaly,2025-04-24 11:52:12.065381
450,9526,47,"Over-delivery, Underpayment",50000,55000,1.0,0.9,Auto-detected supply anomaly,2025-04-24 11:52:12.067445
451,9531,39,"Over-delivery, Overpayment",50000,55000,100.0,110.0,Auto-detected supply anomaly,2025-04-24 11:52:12.077095
452,9545,44,"Over-delivery, Overpayment",50000,55000,10.0,11.0,Auto-detected supply anomaly,2025-04-24 11:52:12.104032
453,9568,69,"Over-delivery, Underpayment",50000,55000,0.2,0.18,Auto-detected supply anomaly,2025-04-24 11:52:12.147873
454,9586,83,"Under-delivery, Overpayment",50000,45000,0.5,0.55,Auto-detected supply anomaly,2025-04-24 11:52:12.182119
455,9598,8,"Under-delivery, Underpayment",50000,45000,5.0,4.5,Auto-detected supply anomaly,2025-04-24 11:52:12.204987
456,9626,88,"Over-delivery, Overpayment",50000,55000,0.1,0.11,Auto-detected supply anomaly,2025-04-24 11:52:12.259198
457,9629,113,"Over-delivery, Overpayment",50000,55000,10.0,11.0,Auto-detected supply anomaly,2025-04-24 11:52:12.265190
458,9656,10,"Under-delivery, Underpayment",50000,45000,0.3,0.27,Auto-detected supply anomaly,2025-04-24 11:52:12.333381
459,9719,1,"Under-delivery, Underpayment",50000,45000,10.0,9.0,Auto-detected supply anomaly,2025-04-24 11:52:12.462789
460,9730,4,"Over-delivery, Underpayment",50000,55000,0.2,0.18,Auto-detected supply anomaly,2025-04-24 11:52:12.488924
461,9735,1,"Under-delivery, Underpayment",50000,45000,10.0,9.0,Auto-detected supply anomaly,2025-04-24 11:52:12.499662
462,9772,22,"Over-delivery, Underpayment",50000,55000,200.0,180.0,Auto-detected supply anomaly,2025-04-24 11:52:12.582722
463,9776,110,"Over-delivery, Overpayment",50000,55000,10.0,11.0,Auto-detected supply anomaly,2025-04-24 11:52:12.592214
464,9817,30,"Over-delivery, Overpayment",50000,55000,0.1,0.11,Auto-detected supply anomaly,2025-04-24 11:52:12.691294
465,9819,94,"Under-delivery, Underpayment",50000,45000,1.0,0.9,Auto-detected supply anomaly,2025-04-24 11:52:12.697229
466,9833,27,"Over-delivery, Overpayment",50000,55000,10.0,11.0,Auto-detected supply anomaly,2025-04-24 11:52:12.844259
467,9866,93,"Under-delivery, Overpayment",50000,45000,0.3,0.33,Auto-detected supply anomaly,2025-04-24 11:52:12.906853
468,9887,95,"Under-delivery, Underpayment",50000,45000,1.0,0.9,Auto-detected supply anomaly,2025-04-24 11:52:12.946545
469,9933,111,"Under-delivery, Overpayment",50000,45000,50.0,55.0,Auto-detected supply anomaly,2025-04-24 11:52:13.034035
470,9969,121,"Over-delivery, Overpayment",50000,55000,0.5,0.55,Auto-detected supply anomaly,2025-04-24 11:52:13.102499
471,9975,70,"Over-delivery, Underpayment",50000,55000,0.25,0.225,Auto-detected supply anomaly,2025-04-24 11:52:13.113968
472,9978,61,"Under-delivery, Overpayment",50000,45000,10.0,11.0,Auto-detected supply anomaly,2025-04-24 11:52:13.119852
473,10002,110,"Under-delivery, Underpayment",50000,45000,10.0,9.0,Auto-detected supply anomaly,2025-04-24 11:52:13.165246
474,10050,59,"Over-delivery, Underpayment",50000,55000,10.0,9.0,Auto-detected supply anomaly,2025-04-24 11:52:13.256493
475,10062,19,"Under-delivery, Overpayment",50000,45000,0.5,0.55,Auto-detected supply anomaly,2025-04-24 11:52:13.279647
476,10074,83,"Over-delivery, Underpayment",50000,55000,0.5,0.45,Auto-detected supply anomaly,2025-04-24 11:52:13.302530
477,10096,56,"Over-delivery, Underpayment",50000,55000,0.03,0.027,Auto-detected supply anomaly,2025-04-24 11:52:13.344131
478,10106,97,"Over-delivery, Underpayment",50000,55000,10.0,9.0,Auto-detected supply anomaly,2025-04-24 11:52:13.363344
479,10170,111,"Over-delivery, Overpayment",50000,55000,50.0,55.0,Auto-detected supply anomaly,2025-04-24 11:52:13.484050
480,10198,118,"Over-delivery, Overpayment",50000,55000,0.1,0.11,Auto-detected supply anomaly,2025-04-24 11:52:13.537646
481,10220,51,"Over-delivery, Overpayment",50000,55000,10.0,11.0,Auto-detected supply anomaly,2025-04-24 11:52:13.579602
482,10257,41,"Under-delivery, Overpayment",50000,45000,10.0,11.0,Auto-detected supply anomaly,2025-04-24 11:52:13.649730
483,10274,15,"Over-delivery, Overpayment",50000,55000,75.0,82.5,Auto-detected supply anomaly,2025-04-24 11:52:13.683573
484,10362,76,"Under-delivery, Overpayment",50000,45000,1.0,1.1,Auto-detected supply anomaly,2025-04-24 11:52:13.850910
485,10387,59,"Under-delivery, Overpayment",50000,45000,10.0,11.0,Auto-detected supply anomaly,2025-04-24 11:52:13.901191
486,10393,76,"Under-delivery, Overpayment",50000,45000,1.0,1.1,Auto-detected supply anomaly,2025-04-24 11:52:13.912585
487,10438,55,"Over-delivery, Overpayment",50000,55000,10.0,11.0,Auto-detected supply anomaly,2025-04-24 11:52:14.017737
488,10440,14,"Over-delivery, Underpayment",50000,55000,1.0,0.9,Auto-detected supply anomaly,2025-04-24 11:52:14.023340
489,10465,48,"Under-delivery, Underpayment",50000,45000,1.0,0.9,Auto-detected supply anomaly,2025-04-24 11:52:14.076573
490,10493,47,"Under-delivery, Underpayment",50000,45000,1.0,0.9,Auto-detected supply anomaly,2025-04-24 11:52:14.137488
491,10535,40,"Under-delivery, Overpayment",50000,45000,50.0,55.0,Auto-detected supply anomaly,2025-04-24 11:52:14.232300
492,10548,52,"Under-delivery, Underpayment",50000,45000,1.0,0.9,Auto-detected supply anomaly,2025-04-24 11:52:14.262967
493,10565,42,"Over-delivery, Overpayment",50000,55000,1.0,1.1,Auto-detected supply anomaly,2025-04-24 11:52:14.303075
494,10566,48,"Over-delivery, Underpayment",50000,55000,1.0,0.9,Auto-detected supply anomaly,2025-04-24 11:52:14.305710
495,10571,64,"Over-delivery, Underpayment",50000,55000,10.0,9.0,Auto-detected supply anomaly,2025-04-24 11:52:14.317644
496,10573,86,"Over-delivery, Underpayment",50000,55000,0.5,0.45,Auto-detected supply anomaly,2025-04-24 11:52:14.322523
497,10586,19,"Over-delivery, Underpayment",50000,55000,0.5,0.45,Auto-detected supply anomaly,2025-04-24 11:52:14.352860
498,10614,47,"Over-delivery, Underpayment",50000,55000,1.0,0.9,Auto-detected supply anomaly,2025-04-24 11:52:14.420448
499,10620,28,"Over-delivery, Underpayment",50000,55000,10.0,9.0,Auto-detected supply anomaly,2025-04-24 11:52:14.434627
500,10641,16,"Under-delivery, Overpayment",50000,45000,10.0,11.0,Auto-detected supply anomaly,2025-04-24 11:52:14.485453
501,10657,86,"Under-delivery, Underpayment",50000,45000,0.5,0.45,Auto-detected supply anomaly,2025-04-24 11:52:14.525447
502,10662,6,"Under-delivery, Overpayment",50000,45000,0.5,0.55,Auto-detected supply anomaly,2025-04-24 11:52:14.538660
503,10667,14,"Over-delivery, Overpayment",50000,55000,1.0,1.1,Auto-detected supply anomaly,2025-04-24 11:52:14.551760
504,10669,63,"Over-delivery, Overpayment",50000,55000,2.0,2.2,Auto-detected supply anomaly,2025-04-24 11:52:14.556719
505,10674,9,"Under-delivery, Overpayment",50000,45000,0.05,0.055,Auto-detected supply anomaly,2025-04-24 11:52:14.568897
506,10687,109,"Over-delivery, Overpayment",50000,55000,0.5,0.55,Auto-detected supply anomaly,2025-04-24 11:52:14.599275
507,10700,86,"Under-delivery, Underpayment",50000,45000,0.5,0.45,Auto-detected supply anomaly,2025-04-24 11:52:14.630898
508,10704,101,"Under-delivery, Overpayment",50000,45000,2.0,2.2,Auto-detected supply anomaly,2025-04-24 11:52:14.640331
509,10706,106,"Over-delivery, Overpayment",50000,55000,0.5,0.55,Auto-detected supply anomaly,2025-04-24 11:52:14.645207
510,10717,40,"Under-delivery, Underpayment",50000,45000,50.0,45.0,Auto-detected supply anomaly,2025-04-24 11:52:14.672744
511,10719,46,"Over-delivery, Overpayment",50000,55000,0.2,0.22,Auto-detected supply anomaly,2025-04-24 11:52:14.679576
512,10732,56,"Under-delivery, Overpayment",50000,45000,0.03,0.033,Auto-detected supply anomaly,2025-04-24 11:52:14.711863
513,10778,83,"Under-delivery, Overpayment",50000,45000,0.5,0.55,Auto-detected supply anomaly,2025-04-24 11:52:14.822329
514,10823,81,"Under-delivery, Overpayment",50000,45000,10.0,11.0,Auto-detected supply anomaly,2025-04-24 11:52:14.931009
515,10861,49,"Under-delivery, Underpayment",50000,45000,10.0,9.0,Auto-detected supply anomaly,2025-04-24 11:52:15.023380
516,10878,29,"Over-delivery, Overpayment",50000,55000,0.2,0.22,Auto-detected supply anomaly,2025-04-24 11:52:15.064091
517,10883,62,"Over-delivery, Underpayment",50000,55000,10.0,9.0,Auto-detected supply anomaly,2025-04-24 11:52:15.075931
518,10932,116,"Under-delivery, Underpayment",50000,45000,1.0,0.9,Auto-detected supply anomaly,2025-04-24 11:52:15.195906
519,10962,21,"Over-delivery, Overpayment",50000,55000,0.15,0.165,Auto-detected supply anomaly,2025-04-24 11:52:15.265946
520,10972,110,"Over-delivery, Overpayment",50000,55000,10.0,11.0,Auto-detected supply anomaly,2025-04-24 11:52:15.290580
521,11034,116,"Over-delivery, Underpayment",50000,55000,1.0,0.9,Auto-detected supply anomaly,2025-04-24 11:52:15.437017
522,11043,84,"Over-delivery, Overpayment",50000,55000,10.0,11.0,Auto-detected supply anomaly,2025-04-24 11:52:15.458086
523,11055,52,"Under-delivery, Underpayment",50000,45000,1.0,0.9,Auto-detected supply anomaly,2025-04-24 11:52:15.487765
524,11059,79,"Under-delivery, Overpayment",50000,45000,10.0,11.0,Auto-detected supply anomaly,2025-04-24 11:52:15.498212
525,11064,83,"Under-delivery, Overpayment",50000,45000,0.5,0.55,Auto-detected supply anomaly,2025-04-24 11:52:15.510245
526,11067,114,"Under-delivery, Overpayment",50000,45000,5.0,5.5,Auto-detected supply anomaly,2025-04-24 11:52:15.517662
527,11092,11,"Under-delivery, Overpayment",50000,45000,10.0,11.0,Auto-detected supply anomaly,2025-04-24 11:52:15.687530
528,11127,66,"Over-delivery, Underpayment",50000,55000,0.15,0.135,Auto-detected supply anomaly,2025-04-24 11:52:15.754362
529,11137,68,"Over-delivery, Underpayment",50000,55000,10.0,9.0,Auto-detected supply anomaly,2025-04-24 11:52:15.773523
530,11175,41,"Over-delivery, Underpayment",50000,55000,10.0,9.0,Auto-detected supply anomaly,2025-04-24 11:52:15.847308
531,11213,23,"Under-delivery, Underpayment",50000,45000,1.5,1.35,Auto-detected supply anomaly,2025-04-24 11:52:15.920969
532,11226,68,"Under-delivery, Underpayment",50000,45000,10.0,9.0,Auto-detected supply anomaly,2025-04-24 11:52:15.945707
533,11265,79,"Over-delivery, Overpayment",50000,55000,10.0,11.0,Auto-detected supply anomaly,2025-04-24 11:52:16.019755
534,11278,109,"Under-delivery, Overpayment",50000,45000,0.5,0.55,Auto-detected supply anomaly,2025-04-24 11:52:16.044636
535,11284,9,"Over-delivery, Underpayment",50000,55000,0.05,0.045,Auto-detected supply anomaly,2025-04-24 11:52:16.056262
536,11304,27,"Under-delivery, Underpayment",50000,45000,10.0,9.0,Auto-detected supply anomaly,2025-04-24 11:52:16.094438
537,11361,13,"Over-delivery, Overpayment",50000,55000,500.0,550.0,Auto-detected supply anomaly,2025-04-24 11:52:16.201710
538,11384,99,"Under-delivery, Overpayment",50000,45000,10.0,11.0,Auto-detected supply anomaly,2025-04-24 11:52:16.245550
539,11391,94,"Over-delivery, Underpayment",50000,55000,1.0,0.9,Auto-detected supply anomaly,2025-04-24 11:52:16.259181
540,11417,6,"Under-delivery, Overpayment",50000,45000,0.5,0.55,Auto-detected supply anomaly,2025-04-24 11:52:16.308531
541,11451,41,"Under-delivery, Underpayment",50000,45000,10.0,9.0,Auto-detected supply anomaly,2025-04-24 11:52:16.372959
542,11482,1,"Under-delivery, Overpayment",50000,45000,10.0,11.0,Auto-detected supply anomaly,2025-04-24 11:52:16.432024
543,11512,117,"Under-delivery, Underpayment",50000,45000,50.0,45.0,Auto-detected supply anomaly,2025-04-24 11:52:16.488479
544,11552,56,"Under-delivery, Overpayment",50000,45000,0.03,0.033,Auto-detected supply anomaly,2025-04-24 11:52:16.565113
545,11572,1,"Over-delivery, Overpayment",50000,55000,10.0,11.0,Auto-detected supply anomaly,2025-04-24 11:52:16.603187
546,11581,94,"Over-delivery, Underpayment",50000,55000,1.0,0.9,Auto-detected supply anomaly,2025-04-24 11:52:16.620523
547,11588,117,"Under-delivery, Overpayment",50000,45000,50.0,55.0,Auto-detected supply anomaly,2025-04-24 11:52:16.634020
548,11602,55,"Under-delivery, Underpayment",50000,45000,10.0,9.0,Auto-detected supply anomaly,2025-04-24 11:52:16.660843
549,11610,40,"Over-delivery, Underpayment",50000,55000,50.0,45.0,Auto-detected supply anomaly,2025-04-24 11:52:16.676092
550,11622,82,"Over-delivery, Underpayment",50000,55000,0.14,0.126,Auto-detected supply anomaly,2025-04-24 11:52:16.701068
551,11651,121,"Over-delivery, Underpayment",50000,55000,0.5,0.45,Auto-detected supply anomaly,2025-04-24 11:52:16.756144
552,11659,93,"Under-delivery, Underpayment",50000,45000,0.3,0.27,Auto-detected supply anomaly,2025-04-24 11:52:16.771447
553,11661,72,"Over-delivery, Underpayment",50000,55000,0.3,0.27,Auto-detected supply anomaly,2025-04-24 11:52:16.775790
554,11682,85,"Over-delivery, Underpayment",50000,55000,5.0,4.5,Auto-detected supply anomaly,2025-04-24 11:52:16.816352
555,11721,112,"Over-delivery, Overpayment",50000,55000,0.6,0.66,Auto-detected supply anomaly,2025-04-24 11:52:16.893436
556,11742,53,"Under-delivery, Overpayment",50000,45000,2.0,2.2,Auto-detected supply anomaly,2025-04-24 11:52:16.944444
557,11748,119,"Under-delivery, Overpayment",50000,45000,0.2,0.22,Auto-detected supply anomaly,2025-04-24 11:52:16.957735
558,11823,3,"Under-delivery, Underpayment",50000,45000,0.25,0.225,Auto-detected supply anomaly,2025-04-24 11:52:17.118739
559,11828,115,"Over-delivery, Underpayment",50000,55000,10.0,9.0,Auto-detected supply anomaly,2025-04-24 11:52:17.130560
560,11849,55,"Under-delivery, Underpayment",50000,45000,10.0,9.0,Auto-detected supply anomaly,2025-04-24 11:52:17.172952
561,11873,26,"Under-delivery, Overpayment",50000,45000,10.0,11.0,Auto-detected supply anomaly,2025-04-24 11:52:17.228719
562,11879,101,"Under-delivery, Underpayment",50000,45000,2.0,1.8,Auto-detected supply anomaly,2025-04-24 11:52:17.241462
563,11888,108,"Under-delivery, Overpayment",50000,45000,10.0,11.0,Auto-detected supply anomaly,2025-04-24 11:52:17.260863
564,11889,109,"Over-delivery, Underpayment",50000,55000,0.5,0.45,Auto-detected supply anomaly,2025-04-24 11:52:17.263187
565,11899,98,"Under-delivery, Overpayment",50000,45000,0.2,0.22,Auto-detected supply anomaly,2025-04-24 11:52:17.287738
566,11917,109,"Over-delivery, Overpayment",50000,55000,0.5,0.55,Auto-detected supply anomaly,2025-04-24 11:52:17.333611
567,11918,5,"Under-delivery, Overpayment",50000,45000,1.0,1.1,Auto-detected supply anomaly,2025-04-24 11:52:17.336189
568,11991,29,"Over-delivery, Overpayment",50000,55000,0.2,0.22,Auto-detected supply anomaly,2025-04-24 11:52:17.515478
569,12013,5,"Under-delivery, Underpayment",50000,45000,1.0,0.9,Auto-detected supply anomaly,2025-04-24 11:52:17.567110
570,12030,50,"Over-delivery, Overpayment",50000,55000,0.5,0.55,Auto-detected supply anomaly,2025-04-24 11:52:17.607395
571,12050,117,"Under-delivery, Underpayment",50000,45000,50.0,45.0,Auto-detected supply anomaly,2025-04-24 11:52:17.655442
572,12065,33,"Under-delivery, Overpayment",50000,45000,150.0,165.0,Auto-detected supply anomaly,2025-04-24 11:52:17.809966
573,12077,31,"Under-delivery, Overpayment",50000,45000,10.0,11.0,Auto-detected supply anomaly,2025-04-24 11:52:17.835049
574,12109,3,"Under-delivery, Underpayment",50000,45000,0.25,0.225,Auto-detected supply anomaly,2025-04-24 11:52:17.896654
575,12165,98,"Over-delivery, Overpayment",50000,55000,0.2,0.22,Auto-detected supply anomaly,2025-04-24 11:52:18.002995
576,12168,100,"Over-delivery, Overpayment",50000,55000,10.0,11.0,Auto-detected supply anomaly,2025-04-24 11:52:18.008715
577,12173,15,"Under-delivery, Overpayment",50000,45000,75.0,82.5,Auto-detected supply anomaly,2025-04-24 11:52:18.018769
578,12184,98,"Under-delivery, Overpayment",50000,45000,0.2,0.22,Auto-detected supply anomaly,2025-04-24 11:52:18.040012
579,12233,16,"Over-delivery, Underpayment",50000,55000,10.0,9.0,Auto-detected supply anomaly,2025-04-24 11:52:18.132943
580,12236,13,"Over-delivery, Overpayment",50000,55000,500.0,550.0,Auto-detected supply anomaly,2025-04-24 11:52:18.138709
581,12241,92,"Over-delivery, Underpayment",50000,55000,10.0,9.0,Auto-detected supply anomaly,2025-04-24 11:52:18.148473
582,12268,102,"Over-delivery, Underpayment",50000,55000,10.0,9.0,Auto-detected supply anomaly,2025-04-24 11:52:18.199680
583,12284,110,"Under-delivery, Overpayment",50000,45000,10.0,11.0,Auto-detected supply anomaly,2025-04-24 11:52:18.230332
584,12289,102,"Over-delivery, Overpayment",50000,55000,10.0,11.0,Auto-detected supply anomaly,2025-04-24 11:52:18.239981
585,12299,9,"Under-delivery, Overpayment",50000,45000,0.05,0.055,Auto-detected supply anomaly,2025-04-24 11:52:18.259212
586,12324,46,"Over-delivery, Underpayment",50000,55000,0.2,0.18,Auto-detected supply anomaly,2025-04-24 11:52:18.306780
587,12326,33,"Under-delivery, Underpayment",50000,45000,150.0,135.0,Auto-detected supply anomaly,2025-04-24 11:52:18.310923
588,12327,20,"Under-delivery, Overpayment",50000,45000,2.0,2.2,Auto-detected supply anomaly,2025-04-24 11:52:18.313015
589,12329,7,"Over-delivery, Underpayment",50000,55000,2.0,1.8,Auto-detected supply anomaly,2025-04-24 11:52:18.316954
590,12438,17,"Over-delivery, Underpayment",50000,55000,10.0,9.0,Auto-detected supply anomaly,2025-04-24 11:52:18.523358
591,12451,45,"Under-delivery, Underpayment",50000,45000,200.0,180.0,Auto-detected supply anomaly,2025-04-24 11:52:18.548438
592,12459,51,"Under-delivery, Overpayment",50000,45000,10.0,11.0,Auto-detected supply anomaly,2025-04-24 11:52:18.563824
593,12465,119,"Under-delivery, Overpayment",50000,45000,0.2,0.22,Auto-detected supply anomaly,2025-04-24 11:52:18.575500
594,12466,41,"Over-delivery, Overpayment",50000,55000,10.0,11.0,Auto-detected supply anomaly,2025-04-24 11:52:18.577597
595,12512,86,"Over-delivery, Underpayment",50000,55000,0.5,0.45,Auto-detected supply anomaly,2025-04-24 11:52:18.665585
596,12527,41,"Under-delivery, Overpayment",50000,45000,10.0,11.0,Auto-detected supply anomaly,2025-04-24 11:52:18.696990
597,12550,65,"Under-delivery, Overpayment",50000,45000,20.0,22.0,Auto-detected supply anomaly,2025-04-24 11:52:18.741011
598,12551,32,"Over-delivery, Overpayment",50000,55000,10.0,11.0,Auto-detected supply anomaly,2025-04-24 11:52:18.743181
599,12563,48,"Over-delivery, Overpayment",50000,55000,1.0,1.1,Auto-detected supply anomaly,2025-04-24 11:52:18.766275
600,12607,115,"Under-delivery, Underpayment",50000,45000,10.0,9.0,Auto-detected supply anomaly,2025-04-24 11:52:18.850322
601,12637,43,"Under-delivery, Overpayment",50000,45000,0.2,0.22,Auto-detected supply anomaly,2025-04-24 11:52:18.914953
602,12651,54,"Over-delivery, Underpayment",50000,55000,10.0,9.0,Auto-detected supply anomaly,2025-04-24 11:52:18.945184
603,12686,57,"Under-delivery, Underpayment",50000,45000,50.0,45.0,Auto-detected supply anomaly,2025-04-24 11:52:19.032883
604,12728,41,"Under-delivery, Underpayment",50000,45000,10.0,9.0,Auto-detected supply anomaly,2025-04-24 11:52:19.133028
605,12729,49,"Over-delivery, Overpayment",50000,55000,10.0,11.0,Auto-detected supply anomaly,2025-04-24 11:52:19.135767
606,12745,117,"Over-delivery, Overpayment",50000,55000,50.0,55.0,Auto-detected supply anomaly,2025-04-24 11:52:19.173594
607,12749,58,"Over-delivery, Overpayment",50000,55000,10.0,11.0,Auto-detected supply anomaly,2025-04-24 11:52:19.182933
608,12751,91,"Over-delivery, Underpayment",50000,55000,100.0,90.0,Auto-detected supply anomaly,2025-04-24 11:52:19.188614
609,12757,93,"Under-delivery, Overpayment",50000,45000,0.3,0.33,Auto-detected supply anomaly,2025-04-24 11:52:19.202377
610,12771,19,"Over-delivery, Overpayment",50000,55000,0.5,0.55,Auto-detected supply anomaly,2025-04-24 11:52:19.235765
611,12782,35,"Over-delivery, Underpayment",50000,55000,10.0,9.0,Auto-detected supply anomaly,2025-04-24 11:52:19.264202
612,12847,12,"Over-delivery, Overpayment",50000,55000,2.0,2.2,Auto-detected supply anomaly,2025-04-24 11:52:19.424802
613,12853,45,"Under-delivery, Underpayment",50000,45000,200.0,180.0,Auto-detected supply anomaly,2025-04-24 11:52:19.440055
614,12893,112,"Over-delivery, Overpayment",50000,55000,0.6,0.66,Auto-detected supply anomaly,2025-04-24 11:52:19.535638
615,12901,57,"Over-delivery, Overpayment",50000,55000,50.0,55.0,Auto-detected supply anomaly,2025-04-24 11:52:19.554278
616,12904,118,"Over-delivery, Underpayment",50000,55000,0.1,0.09,Auto-detected supply anomaly,2025-04-24 11:52:19.561479
617,12965,81,"Over-delivery, Underpayment",50000,55000,10.0,9.0,Auto-detected supply anomaly,2025-04-24 11:52:19.814517
618,12968,82,"Over-delivery, Underpayment",50000,55000,0.14,0.126,Auto-detected supply anomaly,2025-04-24 11:52:19.820494
619,12985,8,"Over-delivery, Underpayment",50000,55000,5.0,4.5,Auto-detected supply anomaly,2025-04-24 11:52:19.853439
620,12986,106,"Under-delivery, Overpayment",50000,45000,0.5,0.55,Auto-detected supply anomaly,2025-04-24 11:52:19.855471
621,13031,71,"Under-delivery, Underpayment",50000,45000,10.0,9.0,Auto-detected supply anomaly,2025-04-24 11:52:19.941632
622,13068,89,"Over-delivery, Underpayment",50000,55000,10.0,9.0,Auto-detected supply anomaly,2025-04-24 11:52:20.014937
623,13084,96,"Over-delivery, Underpayment",50000,55000,0.5,0.45,Auto-detected supply anomaly,2025-04-24 11:52:20.046097
624,13116,71,"Under-delivery, Underpayment",50000,45000,10.0,9.0,Auto-detected supply anomaly,2025-04-24 11:52:20.109569
625,13143,18,"Under-delivery, Underpayment",50000,45000,100.0,90.0,Auto-detected supply anomaly,2025-04-24 11:52:20.163269
626,13149,1,"Over-delivery, Overpayment",50000,55000,10.0,11.0,Auto-detected supply anomaly,2025-04-24 11:52:20.174992
627,13154,5,"Under-delivery, Overpayment",50000,45000,1.0,1.1,Auto-detected supply anomaly,2025-04-24 11:52:20.185225
628,13165,51,"Over-delivery, Underpayment",50000,55000,10.0,9.0,Auto-detected supply anomaly,2025-04-24 11:52:20.206882
629,13171,19,"Under-delivery, Overpayment",50000,45000,0.5,0.55,Auto-detected supply anomaly,2025-04-24 11:52:20.219196
630,13212,39,"Under-delivery, Underpayment",50000,45000,100.0,90.0,Auto-detected supply anomaly,2025-04-24 11:52:20.300188
631,13226,34,"Over-delivery, Underpayment",50000,55000,10.0,9.0,Auto-detected supply anomaly,2025-04-24 11:52:20.328205
632,13254,17,"Over-delivery, Overpayment",50000,55000,10.0,11.0,Auto-detected supply anomaly,2025-04-24 11:52:20.383259
633,13260,15,"Over-delivery, Underpayment",50000,55000,75.0,67.5,Auto-detected supply anomaly,2025-04-24 11:52:20.394788
634,13294,109,"Over-delivery, Overpayment",50000,55000,0.5,0.55,Auto-detected supply anomaly,2025-04-24 11:52:20.461738
635,13302,42,"Over-delivery, Underpayment",50000,55000,1.0,0.9,Auto-detected supply anomaly,2025-04-24 11:52:20.477654
636,13307,61,"Under-delivery, Overpayment",50000,45000,10.0,11.0,Auto-detected supply anomaly,2025-04-24 11:52:20.488015
637,13345,10,"Over-delivery, Overpayment",50000,55000,0.3,0.33,Auto-detected supply anomaly,2025-04-24 11:52:20.563012
638,13371,102,"Over-delivery, Overpayment",50000,55000,10.0,11.0,Auto-detected supply anomaly,2025-04-24 11:52:20.612901
639,13377,35,"Over-delivery, Overpayment",50000,55000,10.0,11.0,Auto-detected supply anomaly,2025-04-24 11:52:20.624589
640,13386,88,"Under-delivery, Overpayment",50000,45000,0.1,0.11,Auto-detected supply anomaly,2025-04-24 11:52:20.642250
641,13430,29,"Over-delivery, Overpayment",50000,55000,0.2,0.22,Auto-detected supply anomaly,2025-04-24 11:52:20.727490
642,13431,61,"Under-delivery, Overpayment",50000,45000,10.0,11.0,Auto-detected supply anomaly,2025-04-24 11:52:20.729751
643,13453,13,"Over-delivery, Overpayment",50000,55000,500.0,550.0,Auto-detected supply anomaly,2025-04-24 11:52:20.775488
644,13490,63,"Over-delivery, Overpayment",50000,55000,2.0,2.2,Auto-detected supply anomaly,2025-04-24 11:52:20.850547
645,13518,97,"Over-delivery, Underpayment",50000,55000,10.0,9.0,Auto-detected supply anomaly,2025-04-24 11:52:20.907732
646,13527,6,"Over-delivery, Underpayment",50000,55000,0.5,0.45,Auto-detected supply anomaly,2025-04-24 11:52:20.925900
647,13547,27,"Over-delivery, Underpayment",50000,55000,10.0,9.0,Auto-detected supply anomaly,2025-04-24 11:52:20.965915
648,13549,104,"Under-delivery, Underpayment",50000,45000,10.0,9.0,Auto-detected supply anomaly,2025-04-24 11:52:20.970083
649,13559,58,"Under-delivery, Underpayment",50000,45000,10.0,9.0,Auto-detected supply anomaly,2025-04-24 11:52:20.989896
650,13570,41,"Under-delivery, Underpayment",50000,45000,10.0,9.0,Auto-detected supply anomaly,2025-04-24 11:52:21.013132
651,13591,45,"Under-delivery, Underpayment",50000,45000,200.0,180.0,Auto-detected supply anomaly,2025-04-24 11:52:21.057000
652,13599,112,"Over-delivery, Overpayment",50000,55000,0.6,0.66,Auto-detected supply anomaly,2025-04-24 11:52:21.073530
653,13664,58,"Over-delivery, Overpayment",50000,55000,10.0,11.0,Auto-detected supply anomaly,2025-04-24 11:52:21.223225
654,13690,75,"Over-delivery, Overpayment",50000,55000,0.14,0.154,Auto-detected supply anomaly,2025-04-24 11:52:21.280537
655,13695,14,"Under-delivery, Overpayment",50000,45000,1.0,1.1,Auto-detected supply anomaly,2025-04-24 11:52:21.291810
656,13700,117,"Under-delivery, Underpayment",50000,45000,50.0,45.0,Auto-detected supply anomaly,2025-04-24 11:52:21.302926
657,13715,90,"Under-delivery, Underpayment",50000,45000,1.0,0.9,Auto-detected supply anomaly,2025-04-24 11:52:21.337103
658,13733,10,"Under-delivery, Underpayment",50000,45000,0.3,0.27,Auto-detected supply anomaly,2025-04-24 11:52:21.379728
659,13743,56,"Under-delivery, Underpayment",50000,45000,0.03,0.027,Auto-detected supply anomaly,2025-04-24 11:52:21.404103
660,13771,83,"Under-delivery, Overpayment",50000,45000,0.5,0.55,Auto-detected supply anomaly,2025-04-24 11:52:21.470275
661,13808,82,"Over-delivery, Underpayment",50000,55000,0.14,0.126,Auto-detected supply anomaly,2025-04-24 11:52:21.557350
662,13815,18,"Over-delivery, Overpayment",50000,55000,100.0,110.0,Auto-detected supply anomaly,2025-04-24 11:52:21.573886
663,13829,55,"Under-delivery, Underpayment",50000,45000,10.0,9.0,Auto-detected supply anomaly,2025-04-24 11:52:21.606279
664,13915,73,"Over-delivery, Underpayment",50000,55000,10.0,9.0,Auto-detected supply anomaly,2025-04-24 11:52:21.815968
665,13924,44,"Over-delivery, Underpayment",50000,55000,10.0,9.0,Auto-detected supply anomaly,2025-04-24 11:52:21.836923
666,13963,36,"Over-delivery, Overpayment",50000,55000,20.79,22.869,Auto-detected supply anomaly,2025-04-24 11:52:21.928328
667,13966,68,"Under-delivery, Underpayment",50000,45000,10.0,9.0,Auto-detected supply anomaly,2025-04-24 11:52:21.935573
668,13973,25,"Under-delivery, Underpayment",50000,45000,0.5,0.45,Auto-detected supply anomaly,2025-04-24 11:52:21.951854
669,13980,35,"Over-delivery, Underpayment",50000,55000,10.0,9.0,Auto-detected supply anomaly,2025-04-24 11:52:21.968249
670,13993,80,"Over-delivery, Underpayment",50000,55000,5.0,4.5,Auto-detected supply anomaly,2025-04-24 11:52:21.998763
671,14015,24,"Under-delivery, Underpayment",50000,45000,10.0,9.0,Auto-detected supply anomaly,2025-04-24 11:52:22.050263
672,14037,5,"Under-delivery, Underpayment",50000,45000,1.0,0.9,Auto-detected supply anomaly,2025-04-24 11:52:22.101661
673,14063,46,"Under-delivery, Underpayment",50000,45000,0.2,0.18,Auto-detected supply anomaly,2025-04-24 11:52:22.162514
674,14067,23,"Under-delivery, Overpayment",50000,45000,1.5,1.65,Auto-detected supply anomaly,2025-04-24 11:52:22.172002
675,14082,68,"Under-delivery, Underpayment",50000,45000,10.0,9.0,Auto-detected supply anomaly,2025-04-24 11:52:22.208683
676,14108,111,"Over-delivery, Overpayment",50000,55000,50.0,55.0,Auto-detected supply anomaly,2025-04-24 11:52:22.379712
677,14114,41,"Under-delivery, Overpayment",50000,45000,10.0,11.0,Auto-detected supply anomaly,2025-04-24 11:52:22.392106
678,14118,26,"Over-delivery, Overpayment",50000,55000,10.0,11.0,Auto-detected supply anomaly,2025-04-24 11:52:22.400287
679,14128,97,"Under-delivery, Overpayment",50000,45000,10.0,11.0,Auto-detected supply anomaly,2025-04-24 11:52:22.420133
680,14146,86,"Under-delivery, Underpayment",50000,45000,0.5,0.45,Auto-detected supply anomaly,2025-04-24 11:52:22.454773
681,14172,41,"Under-delivery, Overpayment",50000,45000,10.0,11.0,Auto-detected supply anomaly,2025-04-24 11:52:22.504480
682,14222,17,"Over-delivery, Underpayment",50000,55000,10.0,9.0,Auto-detected supply anomaly,2025-04-24 11:52:22.601378
683,14342,72,"Over-delivery, Underpayment",50000,55000,0.3,0.27,Auto-detected supply anomaly,2025-04-24 11:52:22.839951
684,14351,40,"Under-delivery, Underpayment",50000,45000,50.0,45.0,Auto-detected supply anomaly,2025-04-24 11:52:22.858067
685,14394,80,"Over-delivery, Underpayment",50000,55000,5.0,4.5,Auto-detected supply anomaly,2025-04-24 11:52:22.942838
686,14405,37,"Under-delivery, Underpayment",50000,45000,3.0,2.7,Auto-detected supply anomaly,2025-04-24 11:52:22.964415
687,14413,32,"Over-delivery, Underpayment",50000,55000,10.0,9.0,Auto-detected supply anomaly,2025-04-24 11:52:22.980566
688,14416,66,"Over-delivery, Underpayment",50000,55000,0.15,0.135,Auto-detected supply anomaly,2025-04-24 11:52:22.986835
689,14439,109,"Over-delivery, Underpayment",50000,55000,0.5,0.45,Auto-detected supply anomaly,2025-04-24 11:52:23.032843
690,14464,104,"Under-delivery, Overpayment",50000,45000,10.0,11.0,Auto-detected supply anomaly,2025-04-24 11:52:23.081755
691,14467,63,"Over-delivery, Underpayment",50000,55000,2.0,1.8,Auto-detected supply anomaly,2025-04-24 11:52:23.087700
692,14496,53,"Under-delivery, Overpayment",50000,45000,2.0,2.2,Auto-detected supply anomaly,2025-04-24 11:52:23.143947
693,14499,113,"Over-delivery, Overpayment",50000,55000,10.0,11.0,Auto-detected supply anomaly,2025-04-24 11:52:23.149866
694,14533,36,"Over-delivery, Underpayment",50000,55000,20.79,18.711,Auto-detected supply anomaly,2025-04-24 11:52:23.215230
695,14565,78,"Under-delivery, Overpayment",50000,45000,10.0,11.0,Auto-detected supply anomaly,2025-04-24 11:52:23.277956
696,14627,96,"Under-delivery, Overpayment",50000,45000,0.5,0.55,Auto-detected supply anomaly,2025-04-24 11:52:23.398537
697,14671,67,"Over-delivery, Overpayment",50000,55000,5.0,5.5,Auto-detected supply anomaly,2025-04-24 11:52:23.483184
698,14691,67,"Over-delivery, Underpayment",50000,55000,5.0,4.5,Auto-detected supply anomaly,2025-04-24 11:52:23.522224
699,14696,88,"Over-delivery, Overpayment",50000,55000,0.1,0.11,Auto-detected supply anomaly,2025-04-24 11:52:23.532852
700,14708,8,"Over-delivery, Overpayment",50000,55000,5.0,5.5,Auto-detected supply anomaly,2025-04-24 11:52:23.556914
701,14712,115,"Over-delivery, Underpayment",50000,55000,10.0,9.0,Auto-detected supply anomaly,2025-04-24 11:52:23.565195
702,14719,73,"Over-delivery, Underpayment",50000,55000,10.0,9.0,Auto-detected supply anomaly,2025-04-24 11:52:23.579190
703,14734,115,"Under-delivery, Underpayment",50000,45000,10.0,9.0,Auto-detected supply anomaly,2025-04-24 11:52:23.609344
704,14762,96,"Under-delivery, Overpayment",50000,45000,0.5,0.55,Auto-detected supply anomaly,2025-04-24 11:52:23.666266
705,14788,111,"Under-delivery, Overpayment",50000,45000,50.0,55.0,Auto-detected supply anomaly,2025-04-24 11:52:23.719422
706,14809,48,"Under-delivery, Overpayment",50000,45000,1.0,1.1,Auto-detected supply anomaly,2025-04-24 11:52:23.763331
707,14814,16,"Over-delivery, Overpayment",50000,55000,10.0,11.0,Auto-detected supply anomaly,2025-04-24 11:52:23.774064
708,14820,21,"Over-delivery, Underpayment",50000,55000,0.15,0.135,Auto-detected supply anomaly,2025-04-24 11:52:23.791593
709,14837,96,"Over-delivery, Overpayment",50000,55000,0.5,0.55,Auto-detected supply anomaly,2025-04-24 11:52:23.826046
710,14854,101,"Over-delivery, Overpayment",50000,55000,2.0,2.2,Auto-detected supply anomaly,2025-04-24 11:52:23.860880
711,14862,111,"Under-delivery, Underpayment",50000,45000,50.0,45.0,Auto-detected supply anomaly,2025-04-24 11:52:23.878228
712,14870,94,"Over-delivery, Underpayment",50000,55000,1.0,0.9,Auto-detected supply anomaly,2025-04-24 11:52:23.895848
713,14904,78,"Over-delivery, Underpayment",50000,55000,10.0,9.0,Auto-detected supply anomaly,2025-04-24 11:52:23.968840
714,14995,72,"Over-delivery, Overpayment",50000,55000,0.3,0.33,Auto-detected supply anomaly,2025-04-24 11:52:24.178385
715,15013,92,"Under-delivery, Overpayment",50000,45000,10.0,11.0,Auto-detected supply anomaly,2025-04-24 11:52:24.220595
716,15025,44,"Over-delivery, Underpayment",50000,55000,10.0,9.0,Auto-detected supply anomaly,2025-04-24 11:52:24.248590
717,15028,19,"Under-delivery, Underpayment",50000,45000,0.5,0.45,Auto-detected supply anomaly,2025-04-24 11:52:24.255887
718,15044,41,"Under-delivery, Underpayment",50000,45000,10.0,9.0,Auto-detected supply anomaly,2025-04-24 11:52:24.292504
719,15054,78,"Over-delivery, Underpayment",50000,55000,10.0,9.0,Auto-detected supply anomaly,2025-04-24 11:52:24.316075
720,15074,70,"Under-delivery, Overpayment",50000,45000,0.25,0.275,Auto-detected supply anomaly,2025-04-24 11:52:24.362104
721,15091,67,"Over-delivery, Underpayment",50000,55000,5.0,4.5,Auto-detected supply anomaly,2025-04-24 11:52:24.401481
722,15110,48,"Over-delivery, Underpayment",50000,55000,1.0,0.9,Auto-detected supply anomaly,2025-04-24 11:52:24.560300
723,15131,79,"Over-delivery, Underpayment",50000,55000,10.0,9.0,Auto-detected supply anomaly,2025-04-24 11:52:24.603815
724,15139,27,"Under-delivery, Overpayment",50000,45000,10.0,11.0,Auto-detected supply anomaly,2025-04-24 11:52:24.619874
725,15177,115,"Over-delivery, Overpayment",50000,55000,10.0,11.0,Auto-detected supply anomaly,2025-04-24 11:52:24.694779
726,15190,3,"Over-delivery, Underpayment",50000,55000,0.25,0.225,Auto-detected supply anomaly,2025-04-24 11:52:24.720611
727,15214,60,"Under-delivery, Underpayment",50000,45000,100.0,90.0,Auto-detected supply anomaly,2025-04-24 11:52:24.767126
728,15245,44,"Over-delivery, Underpayment",50000,55000,10.0,9.0,Auto-detected supply anomaly,2025-04-24 11:52:24.830574
729,15281,53,"Over-delivery, Overpayment",50000,55000,2.0,2.2,Auto-detected supply anomaly,2025-04-24 11:52:24.901355
730,15284,72,"Under-delivery, Overpayment",50000,45000,0.3,0.33,Auto-detected supply anomaly,2025-04-24 11:52:24.907379
731,15291,51,"Under-delivery, Underpayment",50000,45000,10.0,9.0,Auto-detected supply anomaly,2025-04-24 11:52:24.921589
732,15292,43,"Under-delivery, Underpayment",50000,45000,0.2,0.18,Auto-detected supply anomaly,2025-04-24 11:52:24.923730
733,15297,54,"Under-delivery, Overpayment",50000,45000,10.0,11.0,Auto-detected supply anomaly,2025-04-24 11:52:24.933891
734,15306,86,"Under-delivery, Underpayment",50000,45000,0.5,0.45,Auto-detected supply anomaly,2025-04-24 11:52:24.951684
735,15309,104,"Under-delivery, Overpayment",50000,45000,10.0,11.0,Auto-detected supply anomaly,2025-04-24 11:52:24.957593
736,15311,62,"Over-delivery, Underpayment",50000,55000,10.0,9.0,Auto-detected supply anomaly,2025-04-24 11:52:24.961638
737,15354,34,"Over-delivery, Underpayment",50000,55000,10.0,9.0,Auto-detected supply anomaly,2025-04-24 11:52:25.045611
738,15411,107,"Over-delivery, Overpayment",50000,55000,1.0,1.1,Auto-detected supply anomaly,2025-04-24 11:52:25.156917
739,15475,41,"Under-delivery, Underpayment",50000,45000,10.0,9.0,Auto-detected supply anomaly,2025-04-24 11:52:25.282784
740,15487,5,"Under-delivery, Overpayment",50000,45000,1.0,1.1,Auto-detected supply anomaly,2025-04-24 11:52:25.306413
741,15498,110,"Over-delivery, Underpayment",50000,55000,10.0,9.0,Auto-detected supply anomaly,2025-04-24 11:52:25.328381
742,15500,40,"Under-delivery, Overpayment",50000,45000,50.0,55.0,Auto-detected supply anomaly,2025-04-24 11:52:25.332453
743,15536,43,"Under-delivery, Underpayment",50000,45000,0.2,0.18,Auto-detected supply anomaly,2025-04-24 11:52:25.402717
744,15576,74,"Over-delivery, Underpayment",50000,55000,2.0,1.8,Auto-detected supply anomaly,2025-04-24 11:52:25.480005
745,15675,29,"Over-delivery, Overpayment",50000,55000,0.2,0.22,Auto-detected supply anomaly,2025-04-24 11:52:25.670753
746,15696,28,"Under-delivery, Overpayment",50000,45000,10.0,11.0,Auto-detected supply anomaly,2025-04-24 11:52:25.713390
747,15699,52,"Under-delivery, Underpayment",50000,45000,1.0,0.9,Auto-detected supply anomaly,2025-04-24 11:52:25.719723
748,15701,119,"Under-delivery, Underpayment",50000,45000,0.2,0.18,Auto-detected supply anomaly,2025-04-24 11:52:25.723726
749,15730,24,"Over-delivery, Underpayment",50000,55000,10.0,9.0,Auto-detected supply anomaly,2025-04-24 11:52:25.782820
750,15737,117,"Over-delivery, Underpayment",50000,55000,50.0,45.0,Auto-detected supply anomaly,2025-04-24 11:52:25.800934
751,15745,67,"Under-delivery, Underpayment",50000,45000,5.0,4.5,Auto-detected supply anomaly,2025-04-24 11:52:25.817468
752,15761,116,"Under-delivery, Underpayment",50000,45000,1.0,0.9,Auto-detected supply anomaly,2025-04-24 11:52:25.853007
753,15772,21,"Under-delivery, Underpayment",50000,45000,0.15,0.135,Auto-detected supply anomaly,2025-04-24 11:52:25.878003
754,15773,44,"Under-delivery, Underpayment",50000,45000,10.0,9.0,Auto-detected supply anomaly,2025-04-24 11:52:25.880259
755,15817,46,"Over-delivery, Overpayment",50000,55000,0.2,0.22,Auto-detected supply anomaly,2025-04-24 11:52:25.972045
756,15822,5,"Under-delivery, Underpayment",50000,45000,1.0,0.9,Auto-detected supply anomaly,2025-04-24 11:52:25.983080
757,15865,40,"Over-delivery, Overpayment",50000,55000,50.0,55.0,Auto-detected supply anomaly,2025-04-24 11:52:26.074526
758,15886,101,"Under-delivery, Underpayment",50000,45000,2.0,1.8,Auto-detected supply anomaly,2025-04-24 11:52:26.120394
759,15952,85,"Over-delivery, Underpayment",50000,55000,5.0,4.5,Auto-detected supply anomaly,2025-04-24 11:52:26.274255
760,15994,40,"Over-delivery, Underpayment",50000,55000,50.0,45.0,Auto-detected supply anomaly,2025-04-24 11:52:26.370758
761,16023,4,"Over-delivery, Overpayment",50000,55000,0.2,0.22,Auto-detected supply anomaly,2025-04-24 11:52:26.438958
762,16024,11,"Under-delivery, Overpayment",50000,45000,10.0,11.0,Auto-detected supply anomaly,2025-04-24 11:52:26.441628
763,16105,14,"Over-delivery, Overpayment",50000,55000,1.0,1.1,Auto-detected supply anomaly,2025-04-24 11:52:26.728891
764,16164,96,"Over-delivery, Underpayment",50000,55000,0.5,0.45,Auto-detected supply anomaly,2025-04-24 11:52:26.847544
765,16205,7,"Over-delivery, Underpayment",50000,55000,2.0,1.8,Auto-detected supply anomaly,2025-04-24 11:52:26.925920
766,16254,42,"Under-delivery, Underpayment",50000,45000,1.0,0.9,Auto-detected supply anomaly,2025-04-24 11:52:27.020377
767,16320,57,"Over-delivery, Underpayment",50000,55000,50.0,45.0,Auto-detected supply anomaly,2025-04-24 11:52:27.147297
768,16324,112,"Under-delivery, Underpayment",50000,45000,0.6,0.54,Auto-detected supply anomaly,2025-04-24 11:52:27.155131
769,16339,120,"Under-delivery, Underpayment",50000,45000,10.0,9.0,Auto-detected supply anomaly,2025-04-24 11:52:27.184033
770,16377,39,"Over-delivery, Underpayment",50000,55000,100.0,90.0,Auto-detected supply anomaly,2025-04-24 11:52:27.256714
771,16382,77,"Under-delivery, Underpayment",50000,45000,1.0,0.9,Auto-detected supply anomaly,2025-04-24 11:52:27.266814
772,16402,9,"Over-delivery, Overpayment",50000,55000,0.05,0.055,Auto-detected supply anomaly,2025-04-24 11:52:27.305146
773,16472,74,"Under-delivery, Underpayment",50000,45000,2.0,1.8,Auto-detected supply anomaly,2025-04-24 11:52:27.440885
774,16484,79,"Over-delivery, Overpayment",50000,55000,10.0,11.0,Auto-detected supply anomaly,2025-04-24 11:52:27.464356
775,16493,81,"Over-delivery, Overpayment",50000,55000,10.0,11.0,Auto-detected supply anomaly,2025-04-24 11:52:27.482635
776,16502,65,"Under-delivery, Underpayment",50000,45000,20.0,18.0,Auto-detected supply anomaly,2025-04-24 11:52:27.500268
777,16503,77,"Over-delivery, Underpayment",50000,55000,1.0,0.9,Auto-detected supply anomaly,2025-04-24 11:52:27.502443
778,16509,20,"Over-delivery, Underpayment",50000,55000,2.0,1.8,Auto-detected supply anomaly,2025-04-24 11:52:27.514711
779,16545,35,"Under-delivery, Underpayment",50000,45000,10.0,9.0,Auto-detected supply anomaly,2025-04-24 11:52:27.585940
780,16565,51,"Over-delivery, Overpayment",50000,55000,10.0,11.0,Auto-detected supply anomaly,2025-04-24 11:52:27.624950
781,16632,57,"Under-delivery, Overpayment",50000,45000,50.0,55.0,Auto-detected supply anomaly,2025-04-24 11:52:27.753950
782,16637,113,"Over-delivery, Underpayment",50000,55000,10.0,9.0,Auto-detected supply anomaly,2025-04-24 11:52:27.763734
783,16687,52,"Over-delivery, Overpayment",50000,55000,1.0,1.1,Auto-detected supply anomaly,2025-04-24 11:52:27.867220
784,16688,81,"Under-delivery, Underpayment",50000,45000,10.0,9.0,Auto-detected supply anomaly,2025-04-24 11:52:27.869748
785,16691,2,"Under-delivery, Underpayment",50000,45000,0.1,0.09,Auto-detected supply anomaly,2025-04-24 11:52:27.876386
786,16692,54,"Over-delivery, Underpayment",50000,55000,10.0,9.0,Auto-detected supply anomaly,2025-04-24 11:52:27.878881
787,16726,88,"Under-delivery, Overpayment",50000,45000,0.1,0.11,Auto-detected supply anomaly,2025-04-24 11:52:27.949631
788,16729,76,"Over-delivery, Overpayment",50000,55000,1.0,1.1,Auto-detected supply anomaly,2025-04-24 11:52:27.956025
789,16737,82,"Under-delivery, Overpayment",50000,45000,0.14,0.154,Auto-detected supply anomaly,2025-04-24 11:52:27.973090
790,16768,7,"Under-delivery, Overpayment",50000,45000,2.0,2.2,Auto-detected supply anomaly,2025-04-24 11:52:28.037406
791,16786,78,"Over-delivery, Overpayment",50000,55000,10.0,11.0,Auto-detected supply anomaly,2025-04-24 11:52:28.075544
792,16790,29,"Over-delivery, Overpayment",50000,55000,0.2,0.22,Auto-detected supply anomaly,2025-04-24 11:52:28.084692
793,16794,14,"Under-delivery, Underpayment",50000,45000,1.0,0.9,Auto-detected supply anomaly,2025-04-24 11:52:28.093394
794,16797,17,"Under-delivery, Underpayment",50000,45000,10.0,9.0,Auto-detected supply anomaly,2025-04-24 11:52:28.099886
795,16825,20,"Under-delivery, Overpayment",50000,45000,2.0,2.2,Auto-detected supply anomaly,2025-04-24 11:52:28.160216
796,16863,36,"Over-delivery, Overpayment",50000,55000,20.79,22.869,Auto-detected supply anomaly,2025-04-24 11:52:28.242542
797,16885,72,"Under-delivery, Underpayment",50000,45000,0.3,0.27,Auto-detected supply anomaly,2025-04-24 11:52:28.291074
798,16899,104,"Under-delivery, Underpayment",50000,45000,10.0,9.0,Auto-detected supply anomaly,2025-04-24 11:52:28.322031
799,16907,52,"Over-delivery, Overpayment",50000,55000,1.0,1.1,Auto-detected supply anomaly,2025-04-24 11:52:28.341057
800,16916,103,"Over-delivery, Underpayment",50000,55000,0.3,0.27,Auto-detected supply anomaly,2025-04-24 11:52:28.362193
801,16925,48,"Over-delivery, Underpayment",50000,55000,1.0,0.9,Auto-detected supply anomaly,2025-04-24 11:52:28.383126
802,16932,115,"Over-delivery, Overpayment",50000,55000,10.0,11.0,Auto-detected supply anomaly,2025-04-24 11:52:28.399646
803,16944,17,"Over-delivery, Overpayment",50000,55000,10.0,11.0,Auto-detected supply anomaly,2025-04-24 11:52:28.428067
804,16954,117,"Over-delivery, Underpayment",50000,55000,50.0,45.0,Auto-detected supply anomaly,2025-04-24 11:52:28.451368
805,17011,27,"Under-delivery, Underpayment",50000,45000,10.0,9.0,Auto-detected supply anomaly,2025-04-24 11:52:28.584950
806,17013,53,"Over-delivery, Overpayment",50000,55000,2.0,2.2,Auto-detected supply anomaly,2025-04-24 11:52:28.589833
807,17017,27,"Over-delivery, Overpayment",50000,55000,10.0,11.0,Auto-detected supply anomaly,2025-04-24 11:52:28.599431
808,17020,12,"Over-delivery, Overpayment",50000,55000,2.0,2.2,Auto-detected supply anomaly,2025-04-24 11:52:28.606669
809,17031,39,"Over-delivery, Overpayment",50000,55000,100.0,110.0,Auto-detected supply anomaly,2025-04-24 11:52:28.632668
810,17071,32,"Over-delivery, Overpayment",50000,55000,10.0,11.0,Auto-detected supply anomaly,2025-04-24 11:52:28.726805
